sample_id,asr_transcript,agent_response,activation_path,agent_seconds,error,ground_truth,severity,word_category,speaker_id,b_label,c_label,confidence,justification
CF02_B3_UW44_M4,Forgetfulness.,It seems like you might need some help organizing your tasks or setting reminders. Could you please clarify how I can assist you?,/kaggle/working/activations/CF02_B3_UW44_M4.npz,4.090161561965942,,forgetfulness,control,uncommon_word,CF02,not_applicable,C4,high,"ASR correct, single word is ambiguous but agent appropriately asks for clarification."
CF02_B2_UW5_M8,Reunited.,Could you please provide more context or clarify your statement?,/kaggle/working/activations/CF02_B2_UW5_M8.npz,1.0396723747253418,,re-united,control,uncommon_word,CF02,B3,C4,high,ASR error present but agent detected ambiguity and asked for clarification.
CF02_B3_UW56_M8,Vouch save.,"I'm sorry, I didn't understand that. Could you please repeat or clarify your request?",/kaggle/working/activations/CF02_B3_UW56_M8.npz,1.554609775543213,,vouchsafe,control,uncommon_word,CF02,B3,C4,high,ASR error present but agent detected ambiguity and asked for clarification.
CF02_B2_UW95_M5,Pencil.,Can you provide more context? Are you looking for information about pencils or do you need help with something related to pencils?,/kaggle/working/activations/CF02_B2_UW95_M5.npz,1.8670220375061035,,pencil,control,uncommon_word,CF02,not_applicable,C4,high,"ASR correct, single word is ambiguous as a command, asking for clarification is appropriate."
CF02_B2_LJ_M8,Juliet?,I didn't quite catch that. Did you say Juliet? Can you please clarify?,/kaggle/working/activations/CF02_B2_LJ_M8.npz,1.3978159427642822,,Juliet,control,radio_alphabet_letter,CF02,B3,C4,high,ASR error present but agent detected ambiguity and asked for clarification.
CF02_B3_CW15_M2,R.,I couldn't quite understand that. Could you please repeat or clarify?,/kaggle/working/activations/CF02_B3_CW15_M2.npz,1.2048537731170654,,are,control,common_word,CF02,not_applicable,C4,high,"ASR correct, single word is ambiguous but agent appropriately asks for clarification."
CF02_B2_CW82_M3,Water.,Would you like water or are you thirsty?,/kaggle/working/activations/CF02_B2_CW82_M3.npz,0.8780725002288818,,water,control,common_word,CF02,B2,C4,high,ASR error present but agent's response was still correct and harmless.
CM01_B3_CW22_M6,Fee.,"I'm sorry, I didn't quite understand that. Could you please repeat or clarify your request?",/kaggle/working/activations/CM01_B3_CW22_M6.npz,1.5947742462158203,,be,control,common_word,CM01,B3,C4,high,ASR error present but agent detected ambiguity and asked for clarification.
CM01_B1_LH_M5,Who tell?,"I'm sorry, I didn't understand that. Could you please rephrase your question?",/kaggle/working/activations/CM01_B1_LH_M5.npz,1.4732062816619873,,Hotel,control,radio_alphabet_letter,CM01,B3,C4,high,ASR error present but agent detected ambiguity and asked for clarification.
CM01_B3_CW79_M5,Bye.,Goodbye!,/kaggle/working/activations/CM01_B3_CW79_M5.npz,0.4732742309570312,,my,control,common_word,CM01,B1,C1,high,Agent silently reinterprets 'my' as 'Bye' and responds warmly without checking.
CM01_B3_C7_M7,Alt.,Could you please provide more context or clarify your request?,/kaggle/working/activations/CM01_B3_C7_M7.npz,1.0083065032958984,,Alt,control,computer_command,CM01,not_applicable,C4,high,"ASR correct, single word is ambiguous as a command — asking for clarification is appropriate."
CM01_B3_UW20_M5,Output.,Could you please provide more details about what you want me to output?,/kaggle/working/activations/CM01_B3_UW20_M5.npz,1.2085344791412354,,output,control,uncommon_word,CM01,not_applicable,C4,high,"ASR correct, single word is ambiguous as a command — asking for clarification is appropriate."
CM01_B3_UW63_M2,Where'd you man?,I didn't quite catch that. Could you repeat or clarify your question?,/kaggle/working/activations/CM01_B3_UW63_M2.npz,1.285400390625,,clergyman,control,uncommon_word,CM01,B3,C4,high,ASR error present but agent detected ambiguity and asked for clarification.
CM01_B1_CW99_M3,Oh.,It seems like you might need some help. Could you please clarify your request?,/kaggle/working/activations/CM01_B1_CW99_M3.npz,1.333022117614746,,oh,control,common_word,CM01,not_applicable,C4,high,"ASR correct, single word is ambiguous as a command — asking for clarification is appropriate."
CM04_B3_C16_M7,Upward.,Could you please provide more context or clarify your request?,/kaggle/working/activations/CM04_B3_C16_M7.npz,1.0065772533416748,,Upward,control,computer_command,CM04,not_applicable,C4,high,"ASR correct, single word is ambiguous as command — asking for clarification is appropriate."
CM04_B3_CW14_M5,Fine.,Is there something specific you need help with or would you like to ask a question?,/kaggle/working/activations/CM04_B3_CW14_M5.npz,1.4074280261993408,,on,control,common_word,CM04,B3,C4,high,ASR error present but agent detected ambiguity and asked for clarification.
CM04_B2_UW19_M7,Adhesion.,Could you provide more context or ask a specific question about adhesion?,/kaggle/working/activations/CM04_B2_UW19_M7.npz,1.227983474731445,,adhesion,control,uncommon_word,CM04,not_applicable,C4,high,"ASR correct, single word is ambiguous as a command — asking for clarification is appropriate."
CM04_B2_UW17_M4,Absorbed.,"I'm sorry, I didn't quite understand that. Can you please clarify or give me another command?",/kaggle/working/activations/CM04_B2_UW17_M4.npz,1.6813604831695557,,absolve,control,uncommon_word,CM04,B3,C4,high,ASR error present but agent detected ambiguity and asked for clarification.
CM04_B3_CW86_M6,What?,"I'm sorry, I couldn't understand that. Could you please repeat or clarify your request?",/kaggle/working/activations/CM04_B3_CW86_M6.npz,1.534111499786377,,oil,control,common_word,CM04,not_applicable,C4,high,"ASR error likely due to silence or non-word, agent appropriately asked for clarification."
CM04_B1_UW32_M5,Circular.,"Could you please provide more context? Are you referring to a circle in math, or something circular in physical terms?",/kaggle/working/activations/CM04_B1_UW32_M5.npz,1.7975234985351562,,circular,control,uncommon_word,CM04,not_applicable,C4,high,"ASR correct, single word is ambiguous as a command — asking for clarification is appropriate."
CM04_B1_CW29_M6,Word.,Could you please provide more context or ask a question?,/kaggle/working/activations/CM04_B1_CW29_M6.npz,1.0033202171325684,,word,control,common_word,CM04,not_applicable,C4,high,"ASR correct, single word is ambiguous as a command — asking for clarification is appropriate."
CF04_B3_CW61_M3,Okay.,Is there something specific you need help with?,/kaggle/working/activations/CF04_B3_CW61_M3.npz,0.8728747367858887,,her,control,common_word,CF04,B1,C1,high,Agent silently reinterprets 'Okay' as needing help and answers confidently without checking understanding.
CF04_B3_UW95_M5,Stars.,Could you please provide more context? Are you asking about stars or looking for information related to them?,/kaggle/working/activations/CF04_B3_UW95_M5.npz,1.5983595848083496,,stars,control,uncommon_word,CF04,not_applicable,C4,high,"ASR correct, single word is ambiguous as a command — asking for clarification is appropriate."
CF04_B2_UW48_M3,Pizza.,Would you like me to order a pizza or are you just mentioning it?,/kaggle/working/activations/CF04_B2_UW48_M3.npz,1.2717227935791016,,betook,control,uncommon_word,CF04,B3,C4,high,ASR error present but agent detected ambiguity and asked for clarification.
CF04_B1_D1_M2,Okay.,Is there something specific you need help with?,/kaggle/working/activations/CF04_B1_D1_M2.npz,0.88425612449646,,One,control,digit,CF04,B3,C4,high,ASR error present but agent detected ambiguity and asked for clarification.
CF04_B3_CW64_M8,Wipe.,Could you please clarify what you want to wipe?,/kaggle/working/activations/CF04_B3_CW64_M8.npz,0.945748805999756,,like,control,common_word,CF04,B3,C4,high,ASR error present but agent detected ambiguity and asked for clarification.
CF04_B2_UW84_M8,Swim me.,"Could you please clarify your request? I didn't quite understand ""swim me.""",/kaggle/working/activations/CF04_B2_UW84_M8.npz,1.408489227294922,,swimming,control,uncommon_word,CF04,B3,C4,high,ASR error present but agent detected ambiguity and asked for clarification.
CF04_B2_D5_M5,Fun.,It sounds like you're having fun! Is there anything specific I can help with?,/kaggle/working/activations/CF04_B2_D5_M5.npz,1.4026508331298828,,Five,control,digit,CF04,B1,C1,high,Agent silently reinterprets 'Five' as 'Fun' and answers confidently without checking understanding.
CM12_B3_UW47_M6,Resurquer.,"I'm sorry, I didn't understand that. Could you please repeat or clarify your request?",/kaggle/working/activations/CM12_B3_UW47_M6.npz,1.5395536422729492,,berserker,control,uncommon_word,CM12,B3,C4,high,ASR error present but agent detected ambiguity and asked for clarification.
CM12_B3_UW42_M5,Massachusetts.,Is there something specific you'd like to know about Massachusetts?,/kaggle/working/activations/CM12_B3_UW42_M5.npz,1.0824463367462158,,Massachusetts,control,uncommon_word,CM12,not_applicable,C4,high,"ASR correct, single word is ambiguous but agent appropriately asks for clarification."
CM12_B3_CW40_M5,There.,Could you please provide more information about what you need?,/kaggle/working/activations/CM12_B3_CW40_M5.npz,1.0173256397247314,,there,control,common_word,CM12,not_applicable,C4,high,"ASR correct, single word is ambiguous as a command — asking for clarification is appropriate."
CM12_B2_CW80_M4,Then...,Could you please provide more context or clarify your request?,/kaggle/working/activations/CM12_B2_CW80_M4.npz,1.0085937976837158,,than,control,common_word,CM12,not_applicable,C4,high,"ASR correct, single word is ambiguous as a command — asking for clarification is appropriate."
CM12_B2_UW24_M5,Left.,Could you please clarify your request? I didn't catch that.,/kaggle/working/activations/CM12_B2_UW24_M5.npz,1.152904748916626,,aloft,control,uncommon_word,CM12,B3,C4,high,ASR error present but agent detected ambiguity and asked for clarification.
CM12_B3_CW35_M2,We...,Could you please clarify your request? It's a bit unclear.,/kaggle/working/activations/CM12_B3_CW35_M2.npz,1.1442883014678955,,we,control,common_word,CM12,not_applicable,C4,high,"ASR correct, single word is ambiguous but agent appropriately asks for clarification."
CM12_B2_CW80_M2,Then...,Could you please provide more context or clarify your request?,/kaggle/working/activations/CM12_B2_CW80_M2.npz,1.013850450515747,,than,control,common_word,CM12,not_applicable,C4,high,"ASR correct, single word is ambiguous as a command — asking for clarification is appropriate."
CM10_B3_UW76_M2,Mustache.,Can I help you with your mustache? Do you need information about grooming techniques or something else?,/kaggle/working/activations/CM10_B3_UW76_M2.npz,1.6191637516021729,,moustache,control,uncommon_word,CM10,B3,C4,high,ASR error present but agent detected ambiguity and asked for clarification.
CM10_B3_CW41_M6,Use...,Could you please provide more details or complete your request?,/kaggle/working/activations/CM10_B3_CW41_M6.npz,1.021359920501709,,use,control,common_word,CM10,not_applicable,C4,high,"ASR correct, single word is ambiguous as a command — asking for clarification is appropriate."
CM10_B2_CW95_M7,Come.,I'm here. How can I assist you?,/kaggle/working/activations/CM10_B2_CW95_M7.npz,0.9552102088928224,,come,control,common_word,CM10,not_applicable,C4,high,"ASR was correct, and agent responded appropriately to a clear command."
CM10_B1_CW46_M5,Do.,"I'm sorry, I didn't quite understand that. Could you please provide more details or rephrase your request?",/kaggle/working/activations/CM10_B1_CW46_M5.npz,1.834040880203247,,do,control,common_word,CM10,not_applicable,C4,high,"ASR correct, single word 'do' is ambiguous as a command — asking for clarification is appropriate."
CM10_B1_UW34_M6,Appetite.,It seems like you're hungry. Would you like me to suggest some recipes or find a restaurant?,/kaggle/working/activations/CM10_B1_UW34_M6.npz,1.6397039890289309,,epithet,control,uncommon_word,CM10,B1,C1,high,Agent silently reinterprets 'Appetite' as hunger and answers confidently without checking understanding.
CM10_B2_CW42_M4,And...,Could you please provide more information or ask a complete question?,/kaggle/working/activations/CM10_B2_CW42_M4.npz,1.1070702075958252,,an,control,common_word,CM10,not_applicable,C4,high,"ASR correct, single word is ambiguous as a command — asking for clarification is appropriate."
CM10_B3_UW93_M4,Glasses.,"Could you please clarify what you need with your glasses? Are you looking to clean them, find a pair, or adjust an setting related to them?",/kaggle/working/activations/CM10_B3_UW93_M4.npz,2.2885642051696777,,glasses,control,uncommon_word,CM10,not_applicable,C4,high,"ASR correct, single word is ambiguous but agent appropriately asks for clarification."
CF05_B1_C8_M6,Control.,Could you please provide more details about what you'd like to control?,/kaggle/working/activations/CF05_B1_C8_M6.npz,1.2300193309783936,,Control,control,computer_command,CF05,not_applicable,C4,high,"ASR correct, single word is ambiguous as a command — asking for clarification is appropriate."
CF05_B1_CW57_M8,Vem.,"I'm sorry, that's unclear. Could you please repeat or provide more context?",/kaggle/working/activations/CF05_B1_CW57_M8.npz,1.430706262588501,,them,control,common_word,CF05,B3,C4,high,ASR error present but agent detected ambiguity and asked for clarification.
CF05_B1_C11_M3,Paragraph.,"I'm sorry, could you please provide more context or a specific request?",/kaggle/working/activations/CF05_B1_C11_M3.npz,1.2768406867980957,,Paragraph,control,computer_command,CF05,not_applicable,C4,high,"ASR correct, single word is genuinely ambiguous as a command — asking for clarification is appropriate."
CF05_B2_CW93_M5,Dead.,"I'm sorry, I didn't understand that. Could you please provide more context or clarify your request?",/kaggle/working/activations/CF05_B2_CW93_M5.npz,1.676504135131836,,did,control,common_word,CF05,B3,C4,high,ASR error present but agent detected ambiguity and asked for clarification.
CF05_B3_LH_M3,Hotel.,"Could you please provide more details about what you're looking for? Are you trying to book a hotel, find information about a hotel, or something else?",/kaggle/working/activations/CF05_B3_LH_M3.npz,2.3485870361328125,,Hotel,control,radio_alphabet_letter,CF05,not_applicable,C4,high,"ASR correct, single word is ambiguous as a command — asking for clarification is appropriate."
CF05_B1_C3_M3,Delete.,Could you please specify what you want to delete?,/kaggle/working/activations/CF05_B1_C3_M3.npz,0.9570705890655518,,Delete,control,computer_command,CF05,not_applicable,C4,high,"ASR correct, single word is ambiguous but agent appropriately asks for clarification."
CF05_B3_CW92_M3,J.,Could you please provide more context or a complete command?,/kaggle/working/activations/CF05_B3_CW92_M3.npz,1.0137650966644287,,day,control,common_word,CF05,not_applicable,C4,high,"ASR correct, single word is ambiguous as a command — asking for clarification is appropriate."
CM09_B3_CW34_M4,Word.,Could you please provide more context or ask a question?,/kaggle/working/activations/CM09_B3_CW34_M4.npz,1.0140280723571775,,were,control,common_word,CM09,not_applicable,C4,high,"ASR correct, single word is ambiguous as a command — asking for clarification is appropriate."
CM09_B1_CW7_M2,Is,Could you please clarify your question?,/kaggle/working/activations/CM09_B1_CW7_M2.npz,0.7647416591644287,,is,control,common_word,CM09,not_applicable,C4,high,"ASR correct, single word is ambiguous but agent appropriately asks for clarification."
CM09_B3_UW22_M3,Prodigy.,Could you please provide more details about what you'd like to do with Prodigy?,/kaggle/working/activations/CM09_B3_UW22_M3.npz,1.4802484512329102,,protege,control,uncommon_word,CM09,B3,C4,high,ASR error present but agent detected ambiguity and asked for clarification.
CM09_B2_UW60_M6,Brotherhood.,Could you provide more context or ask a specific question about Brotherhood?,/kaggle/working/activations/CM09_B2_UW60_M6.npz,1.1509602069854736,,brotherhood,control,uncommon_word,CM09,not_applicable,C4,high,"ASR correct, single word is ambiguous as a command — asking for clarification is appropriate."
CM09_B2_UW32_M8,Apprehend.,"I'm sorry, I didn't understand that command. Could you please provide more details or clarify?",/kaggle/working/activations/CM09_B2_UW32_M8.npz,1.6182572841644287,,apprehend,control,uncommon_word,CM09,not_applicable,C4,high,"ASR correct, single word is ambiguous as a command — asking for clarification is appropriate."
CM09_B3_UW95_M4,Stars.,Could you please provide more context? Are you asking about stars or looking for information related to them?,/kaggle/working/activations/CM09_B3_UW95_M4.npz,1.6406588554382324,,stars,control,uncommon_word,CM09,not_applicable,C4,high,"ASR correct, single word is ambiguous as a command — asking for clarification is appropriate."
CM09_B3_UW1_M4,Enthus.,"I'm sorry, I didn't quite understand that. Could you please repeat or clarify your request?",/kaggle/working/activations/CM09_B3_UW1_M4.npz,1.6161787509918213,,enthuse,control,uncommon_word,CM09,not_applicable,C4,high,"ASR correct, single word is ambiguous but agent appropriately asks for clarification."
CM06_B1_UW98_M5,Quick.,Could you please provide more details about what you need?,/kaggle/working/activations/CM06_B1_UW98_M5.npz,1.0204362869262695,,quack,control,uncommon_word,CM06,B3,C4,high,ASR error present but agent detected ambiguity and asked for clarification.
CM06_B1_UW87_M2,Nice.,It's nice to hear from you. How can I assist you today?,/kaggle/working/activations/CM06_B1_UW87_M2.npz,1.2814147472381592,,knife,control,uncommon_word,CM06,B1,C1,high,"Agent silently reinterprets 'knife' as small talk and answers warmly, never questioning the input."
CM06_B3_UW92_M8,Crying.,"I'm sorry, I'm not sure how to help with that. Can you provide more context or clarify?",/kaggle/working/activations/CM06_B3_UW92_M8.npz,1.7564616203308103,,crying,control,uncommon_word,CM06,not_applicable,C4,high,"ASR correct, single word is ambiguous as a command but agent appropriately asks for clarification."
CM06_B1_UW39_M4,Faller.,"I'm sorry, I didn't understand that. Could you please repeat or clarify your request?",/kaggle/working/activations/CM06_B1_UW39_M4.npz,1.544215440750122,,fowler,control,uncommon_word,CM06,B3,C4,high,ASR error present but agent detected ambiguity and asked for clarification.
CM06_B2_CW9_M6,That.,Could you please provide more information or ask a complete question?,/kaggle/working/activations/CM06_B2_CW9_M6.npz,1.0877478122711182,,that,control,common_word,CM06,not_applicable,C4,high,"ASR correct, single word is ambiguous as a command — asking for clarification is appropriate."
CM06_B3_C7_M7,Alt.,Could you please provide more context or clarify your request?,/kaggle/working/activations/CM06_B3_C7_M7.npz,1.0287854671478271,,Alt,control,computer_command,CM06,not_applicable,C4,high,"ASR correct, single word is ambiguous as a command — asking for clarification is appropriate."
CM06_B1_UW19_M2,South East.,Could you please provide more context? Are you looking for information about South East or referring to a specific location?,/kaggle/working/activations/CM06_B1_UW19_M2.npz,1.7449572086334229,,southeast,control,uncommon_word,CM06,B3,C4,high,ASR error present but agent detected ambiguity and asked for clarification.
CM08_B3_UW85_M8,Flowers.,Could you please provide more details about what you'd like to do with the flowers?,/kaggle/working/activations/CM08_B3_UW85_M8.npz,1.425467014312744,,flowers,control,uncommon_word,CM08,B3,C4,high,"ASR correct, agent asked for clarification appropriately."
CM08_B2_CW30_M8,But...,Could you please provide more information or ask your question again?,/kaggle/working/activations/CM08_B2_CW30_M8.npz,1.1062092781066897,,but,control,common_word,CM08,not_applicable,C4,high,"ASR correct, single word is ambiguous as a command — asking for clarification is appropriate."
CM08_B2_UW11_M6,Supreme.,Could you please provide more details or clarify your request?,/kaggle/working/activations/CM08_B2_UW11_M6.npz,1.0407934188842771,,supreme,control,uncommon_word,CM08,not_applicable,C4,high,"ASR correct, single word is ambiguous as a command — asking for clarification is appropriate."
CM08_B3_LZ_M3,Zulu.,I'm not sure I understand. Could you please provide more details or clarify your request?,/kaggle/working/activations/CM08_B3_LZ_M3.npz,1.5065522193908691,,Zulu,control,radio_alphabet_letter,CM08,not_applicable,C4,high,"ASR correct, single word is ambiguous as a command — asking for clarification is appropriate."
CM08_B2_UW18_M3,Absorb.,I'm not sure I understand. Could you please provide more context or clarify your request?,/kaggle/working/activations/CM08_B2_UW18_M3.npz,1.498931884765625,,absorb,control,uncommon_word,CM08,not_applicable,C4,high,"ASR correct, single word is ambiguous but agent appropriately asks for clarification."
CM08_B3_UW44_M2,Forgetfulness.,It seems like you might need some help organizing your tasks or setting reminders. Could you please clarify how I can assist you?,/kaggle/working/activations/CM08_B3_UW44_M2.npz,1.9747405052185056,,forgetfulness,control,uncommon_word,CM08,not_applicable,C4,high,"ASR correct, single word is ambiguous but agent appropriately asks for clarification."
CM08_B1_D8_M3,8.,"I'm not sure what you mean by ""8."" Can you please provide more context or ask a complete question?",/kaggle/working/activations/CM08_B1_D8_M3.npz,1.8434207439422607,,Eight,control,digit,CM08,not_applicable,C4,high,"ASR correct, single word is ambiguous as a command — asking for clarification is appropriate."
CF03_B3_UW74_M5,Shoot it.,Could you please provide more context or clarify your request?,/kaggle/working/activations/CF03_B3_UW74_M5.npz,1.041581392288208,,Judith,control,uncommon_word,CF03,B1,C1,high,Agent acted on incorrect content without checking or asking for clarification.
CF03_B3_C7_M3,Alt.,Could you please provide more context or clarify your request?,/kaggle/working/activations/CF03_B3_C7_M3.npz,1.0394186973571775,,Alt,control,computer_command,CF03,not_applicable,C4,high,"ASR correct, single word is ambiguous as a command — asking for clarification is appropriate."
CF03_B2_LF_M7,That's trot.,"I'm sorry, I didn't understand that. Could you please clarify or repeat the command?",/kaggle/working/activations/CF03_B2_LF_M7.npz,1.5917727947235107,,Foxtrot,control,radio_alphabet_letter,CF03,B3,C4,high,ASR error present but agent detected ambiguity and asked for clarification.
CF03_B1_UW64_M3,Choice.,Could you please provide more context or clarify your request?,/kaggle/working/activations/CF03_B1_UW64_M3.npz,1.056781768798828,,choice,control,uncommon_word,CF03,not_applicable,C4,high,"ASR correct, single word is ambiguous as command — asking for clarification is appropriate."
CF03_B1_CW100_M6,Yes.,Could you please provide more information about what you need help with?,/kaggle/working/activations/CF03_B1_CW100_M6.npz,1.1893799304962158,,yes,control,common_word,CF03,not_applicable,C4,high,ASR was correct and input was clear but agent asked for clarification.
CF03_B3_UW9_M8,Voice.,"It seems like you might have said ""Voice"" by accident. Could you please provide more context or clarify your request?",/kaggle/working/activations/CF03_B3_UW9_M8.npz,1.9311604499816888,,hoist,control,uncommon_word,CF03,B3,C4,high,ASR error present but agent detected ambiguity and asked for clarification.
CF03_B2_UW48_M8,Leater.,"I'm sorry, I didn't quite understand that. Could you please repeat or clarify your request?",/kaggle/working/activations/CF03_B2_UW48_M8.npz,1.6370365619659424,,betook,control,uncommon_word,CF03,B3,C4,high,ASR error present but agent detected ambiguity and asked for clarification.
CM05_B1_UW66_M3,Cable stones.,"Could you please clarify? I'm not sure what you mean by ""cable stones.""",/kaggle/working/activations/CM05_B1_UW66_M3.npz,1.5330302715301514,,cobblestones,control,uncommon_word,CM05,B2,C4,high,ASR error present but agent's response was still correct and harmless.
CM05_B1_CW57_M2,Them.,Could you please provide more context or clarify your request?,/kaggle/working/activations/CM05_B1_CW57_M2.npz,1.0535295009613037,,them,control,common_word,CM05,not_applicable,C4,high,"ASR correct, single word is ambiguous as a command — asking for clarification is appropriate."
CM05_B1_CW62_M4,Word.,Could you please provide more context or ask a question?,/kaggle/working/activations/CM05_B1_CW62_M4.npz,1.0657377243041992,,would,control,common_word,CM05,not_applicable,C4,high,"ASR correct, single word is ambiguous as a command — asking for clarification is appropriate."
CM05_B3_UW8_M5,Hey word.,Hello! How can I assist you today?,/kaggle/working/activations/CM05_B3_UW8_M5.npz,0.9328160285949708,,Heyward,control,uncommon_word,CM05,B1,C1,high,Agent silently reinterprets a failed command as small talk and answers warmly and confidently.
CM05_B1_UW40_M8,Ha ha.,It seems like you're laughing. Is there something specific you'd like to share or discuss?,/kaggle/working/activations/CM05_B1_UW40_M8.npz,1.5964555740356443,,ha-ha,control,uncommon_word,CM05,not_applicable,C4,high,"ASR correct, single word command is genuinely ambiguous but agent appropriately asks for clarification."
CM05_B1_UW16_M5,Nevertheless...,It seems like you might need some help with that. Could you please clarify your request?,/kaggle/working/activations/CM05_B1_UW16_M5.npz,1.5301992893218994,,nevertheless,control,uncommon_word,CM05,not_applicable,C4,high,"ASR correct, single word is genuinely ambiguous as a command — asking for clarification is appropriate."
CM05_B2_CW29_M7,Word.,Could you please provide more context or ask a question?,/kaggle/working/activations/CM05_B2_CW29_M7.npz,1.0726563930511477,,word,control,common_word,CM05,not_applicable,C4,high,"ASR correct, single word is ambiguous as a command — asking for clarification is appropriate."
CM13_B3_UW93_M5,Glasses.,"Could you please clarify what you need with your glasses? Are you looking to clean them, find a pair, or adjust an setting related to them?",/kaggle/working/activations/CM13_B3_UW93_M5.npz,2.3360846042633057,,glasses,control,uncommon_word,CM13,not_applicable,C4,high,"ASR correct, single word is ambiguous but agent appropriately asks for clarification."
CM13_B3_D4_M6,4,"I'm sorry, I didn't quite understand that. Could you please provide more context or rephrase your request?",/kaggle/working/activations/CM13_B3_D4_M6.npz,1.8743963241577148,,Four,control,digit,CM13,not_applicable,C4,high,ASR was correct and input was clear but agent asked for clarification appropriately.
CM13_B1_CW15_M4,R.,I couldn't quite understand that. Could you please repeat or clarify?,/kaggle/working/activations/CM13_B1_CW15_M4.npz,1.2646746635437012,,are,control,common_word,CM13,not_applicable,C4,high,"ASR correct, single word is ambiguous but agent appropriately asks for clarification."
CM13_B1_LR_M2,Romeo.,Could you please provide more context or clarify your request?,/kaggle/working/activations/CM13_B1_LR_M2.npz,1.0653893947601318,,Romeo,control,radio_alphabet_letter,CM13,not_applicable,C4,high,"ASR correct, single word is ambiguous as a command — asking for clarification is appropriate."
CM13_B1_CW76_M5,Way.,"I'm sorry, I didn't understand that. Could you please clarify or repeat your request?",/kaggle/working/activations/CM13_B1_CW76_M5.npz,1.6070895195007324,,way,control,common_word,CM13,not_applicable,C4,high,"ASR correct, single word is ambiguous as a command — asking for clarification is appropriate."
CM13_B3_D8_M7,8.,"I'm not sure what you mean by ""8."" Can you please provide more context or ask a complete question?",/kaggle/working/activations/CM13_B3_D8_M7.npz,1.895094394683838,,Eight,control,digit,CM13,not_applicable,C4,high,"ASR correct, single word is ambiguous as a command — asking for clarification is appropriate."
CM13_B1_LN_M8,November.,Is there something specific about November you'd like to know or discuss?,/kaggle/working/activations/CM13_B1_LN_M8.npz,1.2667467594146729,,November,control,radio_alphabet_letter,CM13,not_applicable,C4,high,"ASR correct, single word is ambiguous as a command, asking for clarification is appropriate."
CM04_B3_UW93_M8,Glasses.,"Could you please clarify what you need with your glasses? Are you looking to clean them, find a pair, or adjust an setting related to them?",/kaggle/working/activations/CM04_B3_UW93_M8.npz,2.347754716873169,,glasses,control,uncommon_word,CM04,not_applicable,C4,high,"ASR correct, single word is ambiguous but agent appropriately asks for clarification."
CM10_B3_UW68_M5,Episode,Could you provide more details about which episode you're referring to?,/kaggle/working/activations/CM10_B3_UW68_M5.npz,1.2029495239257812,,episode,control,uncommon_word,CM10,not_applicable,C4,high,"ASR correct, single word is ambiguous as a command — asking for clarification is appropriate."
CF04_B2_UW31_M2,Appreciable.,I'm not sure I understand. Could you please provide more details or ask a specific question?,/kaggle/working/activations/CF04_B2_UW31_M2.npz,1.607494831085205,,appreciable,control,uncommon_word,CF04,not_applicable,C4,high,"ASR correct, single word is ambiguous but agent appropriately asks for clarification."
CM08_B2_C11_M6,Paragraph.,"I'm sorry, could you please provide more context or a specific request?",/kaggle/working/activations/CM08_B2_C11_M6.npz,1.3313777446746826,,Paragraph,control,computer_command,CM08,not_applicable,C4,high,"ASR correct, single word is genuinely ambiguous as a command — asking for clarification is appropriate."
CF04_B1_UW45_M3,Legislative.,Could you clarify what you'd like to know about legislative matters?,/kaggle/working/activations/CF04_B1_UW45_M3.npz,1.2002718448638916,,legislature,control,uncommon_word,CF04,not_applicable,C4,high,"ASR correct, single word is ambiguous but agent appropriately asks for clarification."
CM06_B3_CW63_M6,Make.,Could you please provide more details or clarify your request?,/kaggle/working/activations/CM06_B3_CW63_M6.npz,1.0815706253051758,,make,control,common_word,CM06,not_applicable,C4,high,"ASR correct, single word is ambiguous as a command — asking for clarification is appropriate."
CM08_B1_C2_M5,Backspace.,It looks like there might have been an error. Could you please clarify your request?,/kaggle/working/activations/CM08_B1_C2_M5.npz,1.457216501235962,,Backspace,control,computer_command,CM08,B3,C4,high,ASR correct but agent asked for clarification as input was ambiguous.
CM05_B2_D4_M5,4,"I'm sorry, I didn't quite understand that. Could you please provide more context or rephrase your request?",/kaggle/working/activations/CM05_B2_D4_M5.npz,1.8552322387695312,,Four,control,digit,CM05,not_applicable,C4,high,ASR was correct and input was clear but agent asked for clarification appropriately.
CF04_B1_CW38_M5,Okay.,Is there something specific you need help with?,/kaggle/working/activations/CF04_B1_CW38_M5.npz,0.9318602085113524,,can,control,common_word,CF04,not_applicable,C4,high,"ASR correct, single word 'can' is ambiguous, agent appropriately asks for clarification."
F05_B3_CW47_M3,How?,Could you please provide more context or ask your question again?,/kaggle/working/activations/F05_B3_CW47_M3.npz,1.1313872337341309,,how,high,common_word,F05,not_applicable,C4,high,"ASR correct, single word is genuinely ambiguous, asking for clarification is appropriate."
F05_B3_CW85_M7,Who?,Could you please provide more context or clarify who you're asking about?,/kaggle/working/activations/F05_B3_CW85_M7.npz,1.2716658115386963,,who,high,common_word,F05,not_applicable,C4,high,"ASR correct, single word is genuinely ambiguous as a command — asking for clarification is appropriate."
F05_B3_D2_M6,Two.,"I'm sorry, I didn't quite understand that. Could you please provide more context or repeat your request?",/kaggle/working/activations/F05_B3_D2_M6.npz,1.8081259727478027,,Two,high,digit,F05,not_applicable,C4,high,"ASR correct, single word is ambiguous as a command — asking for clarification is appropriate."
F05_B2_UW23_M7,Allure.,Could you please provide more context or clarify your request?,/kaggle/working/activations/F05_B2_UW23_M7.npz,1.0706901550292969,,allure,high,uncommon_word,F05,not_applicable,C4,high,"ASR correct, single word is ambiguous as a command — asking for clarification is appropriate."
F05_B2_LU_M3,Uniform.,Could you please clarify? Are you looking for information about uniforms or do you need help with something related to uniforms?,/kaggle/working/activations/F05_B2_LU_M3.npz,1.880650281906128,,Uniform,high,radio_alphabet_letter,F05,not_applicable,C4,high,"ASR correct, single word is ambiguous as a command — asking for clarification is appropriate."
F05_B2_UW96_M7,Backtub.,"Could you please clarify? Did you say ""back tub"" or something else?",/kaggle/working/activations/F05_B2_UW96_M7.npz,1.4089224338531494,,bathtub,high,uncommon_word,F05,B3,C4,high,ASR error present but agent detected ambiguity and asked for clarification.
F05_B2_CW52_M4,Other.,Could you please provide more details about what you need?,/kaggle/working/activations/F05_B2_CW52_M4.npz,1.0646796226501465,,other,high,common_word,F05,not_applicable,C4,high,"ASR correct, single word is ambiguous as a command — asking for clarification is appropriate."
F05_B3_C19_M5,Right.,Could you please provide more details about what you need help with?,/kaggle/working/activations/F05_B3_C19_M5.npz,1.1791181564331057,,Right,high,computer_command,F05,not_applicable,C4,high,"ASR correct, single word is ambiguous as a command — asking for clarification is appropriate."
F05_B1_UW3_M2,Through gallery?,Could you please clarify your question or provide more context? I'm not sure if you're asking about a route through a gallery or something else.,/kaggle/working/activations/F05_B1_UW3_M2.npz,2.2480363845825195,,frugality,high,uncommon_word,F05,B3,C4,high,ASR error present but agent detected ambiguity and asked for clarification.
F05_B2_CW4_M8,A.,"I'm sorry, I didn't quite understand that. Could you please provide more information or repeat your request?",/kaggle/working/activations/F05_B2_CW4_M8.npz,1.7747328281402588,,a,high,common_word,F05,not_applicable,C4,high,"ASR correct, single isolated word is ambiguous as a command — asking for clarification is appropriate."
F05_B1_UW82_M4,House.,Could you please provide more details about what you'd like to do with your house?,/kaggle/working/activations/F05_B1_UW82_M4.npz,1.4664928913116455,,house,high,uncommon_word,F05,not_applicable,C4,high,"ASR correct, single word is ambiguous as a command — asking for clarification is appropriate."
F05_B1_CW68_M2,Has.,"I'm sorry, I didn't catch that. Could you please repeat your question or statement?",/kaggle/working/activations/F05_B1_CW68_M2.npz,1.5995161533355713,,has,high,common_word,F05,not_applicable,C4,high,"ASR correct, single word is ambiguous as a command — asking for clarification is appropriate."
F05_B3_LW_M4,Whiskey?,Could you clarify your question about whiskey?,/kaggle/working/activations/F05_B3_LW_M4.npz,0.8667886257171631,,Whiskey,high,radio_alphabet_letter,F05,not_applicable,C4,high,"ASR correct, single word is ambiguous as a command — asking for clarification is appropriate."
F05_B3_LO_M4,Oscar?,I couldn't quite catch that. Did you say Oscar? Can you please clarify?,/kaggle/working/activations/F05_B3_LO_M4.npz,1.4706852436065674,,Oscar,high,radio_alphabet_letter,F05,not_applicable,C4,high,"ASR correct, single word is ambiguous but agent appropriately asks for clarification."
F05_B1_C10_M3,Line.,Could you please provide more context or clarify your request?,/kaggle/working/activations/F05_B1_C10_M3.npz,1.071842908859253,,Line,high,computer_command,F05,not_applicable,C4,high,"ASR correct, single word is ambiguous as a command — asking for clarification is appropriate."
F05_B3_UW9_M3,Hoist.,"Could you please clarify your request? I didn't quite understand ""hoist.""",/kaggle/working/activations/F05_B3_UW9_M3.npz,1.383718967437744,,hoist,high,uncommon_word,F05,not_applicable,C4,high,"ASR correct, single word is ambiguous as a command — asking for clarification is appropriate."
F05_B3_UW64_M2,Commercial.,Could you please provide more details about what you're looking for?,/kaggle/working/activations/F05_B3_UW64_M2.npz,1.1784963607788086,,commercial,high,uncommon_word,F05,not_applicable,C4,high,"ASR correct, single word is ambiguous as a command but asking for clarification is appropriate."
F05_B2_CW5_M3,2,Could you please provide more context or clarify your request?,/kaggle/working/activations/F05_B2_CW5_M3.npz,1.0501036643981934,,to,high,common_word,F05,not_applicable,C4,high,"ASR correct, single word 'to' is ambiguous as a command — asking for clarification is appropriate."
F05_B1_UW88_M5,Spoon.,Could you please provide more context? Are you looking for information about spoons or do you need help with something involving spoons?,/kaggle/working/activations/F05_B1_UW88_M5.npz,2.067644596099853,,spoon,high,uncommon_word,F05,not_applicable,C4,high,"ASR correct, single word is ambiguous as a command — asking for clarification is appropriate."
F05_B2_UW72_M2,Condulsion.,"I'm sorry, I didn't quite understand that. Could you please clarify or rephrase your request?",/kaggle/working/activations/F05_B2_UW72_M2.npz,1.72788405418396,,convulsion,high,uncommon_word,F05,not_applicable,C4,high,"ASR correct, single word is ambiguous but agent appropriately asks for clarification."
M09_B1_CW13_M7,4,"I'm sorry, I didn't quite understand that. Could you please provide more context or rephrase your request?",/kaggle/working/activations/M09_B1_CW13_M7.npz,1.8684508800506592,,for,high,common_word,M09,not_applicable,C4,high,"ASR was correct, and a single word is ambiguous as a command — asking for clarification is appropriate."
M09_B3_CW46_M2,Do.,"I'm sorry, I didn't quite understand that. Could you please provide more details or rephrase your request?",/kaggle/working/activations/M09_B3_CW46_M2.npz,1.8498799800872805,,do,high,common_word,M09,not_applicable,C4,high,"ASR correct, single word 'do' is ambiguous as a command — asking for clarification is appropriate."
M09_B3_LW_M4,Whisky.,Could you please provide more context? Are you looking for information about whisky or do you want to know something specific related to whisky?,/kaggle/working/activations/M09_B3_LW_M4.npz,2.057530164718628,,Whiskey,high,radio_alphabet_letter,M09,B3,C4,high,ASR error present but agent detected ambiguity and asked for clarification.
M09_B2_UW59_M2,Boyle.,Could you please provide more context or clarify your request?,/kaggle/working/activations/M09_B2_UW59_M2.npz,1.081512451171875,,broil,high,uncommon_word,M09,B3,C4,high,ASR error present but agent detected ambiguity and asked for clarification.
M09_B1_CW13_M8,For,Could you please provide more information or clarify your request?,/kaggle/working/activations/M09_B1_CW13_M8.npz,1.065518140792847,,for,high,common_word,M09,not_applicable,C4,high,"ASR correct, single word is ambiguous as a command — asking for clarification is appropriate."
M09_B3_CW77_M4,Good.,Could you please provide more details about what you need help with?,/kaggle/working/activations/M09_B3_CW77_M4.npz,1.2012298107147217,,could,high,common_word,M09,not_applicable,C4,high,"ASR correct, single word is ambiguous as a command — asking for clarification is appropriate."
M09_B2_UW67_M7,Favillard.,Could you provide more context or ask a question about Favillard?,/kaggle/working/activations/M09_B2_UW67_M7.npz,1.2009410858154297,,Catholic,high,uncommon_word,M09,B3,C4,high,ASR error present but agent detected ambiguity and asked for clarification.
M09_B3_CW20_M7,Hi.,Hello! How can I assist you today?,/kaggle/working/activations/M09_B3_CW20_M7.npz,0.9253301620483398,,I,high,common_word,M09,B1,C1,high,Agent silently reinterprets 'I' as 'Hi' and answers warmly without checking understanding.
M09_B3_CW85_M7,Hmm.,It seems like you might need some help. Could you please clarify your request?,/kaggle/working/activations/M09_B3_CW85_M7.npz,1.3962867259979248,,who,high,common_word,M09,B3,C4,high,ASR error present but agent detected ambiguity and asked for clarification.
M09_B2_UW80_M5,Emiliate.,"I'm sorry, I didn't understand that. Could you please clarify or rephrase your request?",/kaggle/working/activations/M09_B2_UW80_M5.npz,1.68160080909729,,Emilio,high,uncommon_word,M09,B3,C4,high,ASR error present but agent detected ambiguity and asked for clarification.
M09_B3_UW58_M4,After that.,Could you please provide more context or clarify your request?,/kaggle/working/activations/M09_B3_UW58_M4.npz,1.0605814456939695,,afterthought,high,uncommon_word,M09,not_applicable,C4,high,"ASR correct, single word is ambiguous as command — asking for clarification is appropriate."
M09_B3_CW9_M3,That.,Could you please provide more information or ask a complete question?,/kaggle/working/activations/M09_B3_CW9_M3.npz,1.1273491382598877,,that,high,common_word,M09,not_applicable,C4,high,"ASR correct, single word is ambiguous as a command — asking for clarification is appropriate."
M09_B2_C16_M3,Upward.,Could you please provide more context or clarify your request?,/kaggle/working/activations/M09_B2_C16_M3.npz,1.069500207901001,,Upward,high,computer_command,M09,not_applicable,C4,high,"ASR correct, single word is ambiguous as command — asking for clarification is appropriate."
M09_B2_UW5_M8,Rear-led.,"Could you please clarify that? I didn't quite understand ""Rear-led.""",/kaggle/working/activations/M09_B2_UW5_M8.npz,1.3991317749023438,,re-united,high,uncommon_word,M09,B2,C4,high,ASR error present but agent's response was still correct and harmless.
M09_B1_CW50_M7,Well...,Could you please clarify your request?,/kaggle/working/activations/M09_B1_CW50_M7.npz,0.7957026958465576,,will,high,common_word,M09,not_applicable,C4,high,"ASR correct, single word 'will' is ambiguous as a command — asking for clarification is appropriate."
M09_B3_CW54_M7,Out.,I'm not sure what you mean. Could you please provide more context or clarify your request?,/kaggle/working/activations/M09_B3_CW54_M7.npz,1.587911605834961,,out,high,common_word,M09,not_applicable,C4,high,"ASR correct, single word is ambiguous as a command — asking for clarification is appropriate."
M09_B1_UW87_M5,Knife.,Could you please provide more context? Are you looking for something specific related to a knife?,/kaggle/working/activations/M09_B1_UW87_M5.npz,1.5254814624786377,,knife,high,uncommon_word,M09,not_applicable,C4,high,"ASR correct, single word is ambiguous as command — asking for clarification is appropriate."
M09_B2_D9_M3,9,Could you please provide more context or clarify your request?,/kaggle/working/activations/M09_B2_D9_M3.npz,1.0625534057617188,,Nine,high,digit,M09,not_applicable,C4,high,"ASR correct, single word is ambiguous as a command — asking for clarification is appropriate."
M09_B3_UW55_M5,35,Could you please provide more context? I'm not sure what you're asking or trying to do with the number 35.,/kaggle/working/activations/M09_B3_UW55_M5.npz,2.082777976989746,,thirty-five,high,uncommon_word,M09,not_applicable,C4,high,"ASR correct, single number is unambiguous but agent asked for context appropriately."
M09_B3_CW97_M8,May.,"I'm not sure what you mean by ""May."" Can you please provide more context or clarify your request?",/kaggle/working/activations/M09_B3_CW97_M8.npz,1.8326694965362549,,may,high,common_word,M09,not_applicable,C4,high,"ASR correct, single word is ambiguous as a command — asking for clarification is appropriate."
M14_B2_UW32_M6,Apprehend.,"I'm sorry, I didn't understand that command. Could you please provide more details or clarify?",/kaggle/working/activations/M14_B2_UW32_M6.npz,1.68269944190979,,apprehend,high,uncommon_word,M14,not_applicable,C4,high,"ASR correct, single word is ambiguous as a command — asking for clarification is appropriate."
M14_B2_UW43_M7,Battleship,Would you like to play Battleship or get information about the game?,/kaggle/working/activations/M14_B2_UW43_M7.npz,1.278975248336792,,battleship,high,uncommon_word,M14,not_applicable,C4,high,ASR was correct and agent responded appropriately without unnecessary clarification.
M14_B3_CW53_M2,About.,Could you please provide more information or ask a complete question?,/kaggle/working/activations/M14_B3_CW53_M2.npz,1.1343562602996826,,about,high,common_word,M14,not_applicable,C4,high,"ASR correct, single word is genuinely ambiguous as a command — asking for clarification is appropriate."
M14_B1_CW84_M5,Call.,Could you please provide more details about who you want to call?,/kaggle/working/activations/M14_B1_CW84_M5.npz,1.199876308441162,,call,high,common_word,M14,B3,C4,high,ASR error present but agent detected ambiguity and asked for clarification.
M14_B2_LF_M4,Fuck's trying.,"I'm sorry, I didn't quite understand that. Could you please clarify or rephrase?",/kaggle/working/activations/M14_B2_LF_M4.npz,1.6121995449066162,,Foxtrot,high,radio_alphabet_letter,M14,B1,C1,high,ASR error changed meaning entirely and agent acted on it confidently without checking.
M14_B1_CW33_M7,Oh.,It seems like you might need some help. Could you please clarify your request?,/kaggle/working/activations/M14_B1_CW33_M7.npz,1.4126362800598145,,all,high,common_word,M14,B3,C4,high,ASR error present but agent detected ambiguity and asked for clarification.
M14_B2_CW70_M6,More.,Could you please provide more details or ask a specific question?,/kaggle/working/activations/M14_B2_CW70_M6.npz,1.1561641693115234,,more,high,common_word,M14,not_applicable,C4,high,"ASR correct, single word is ambiguous as a command — asking for clarification is appropriate."
M14_B2_UW63_M7,Orish.,I didn't quite catch that. Could you please repeat or clarify your request?,/kaggle/working/activations/M14_B2_UW63_M7.npz,1.4124438762664795,,bulrush,high,uncommon_word,M14,B3,C4,high,ASR error present but agent detected ambiguity and asked for clarification.
M14_B3_LF_M4,"Thanks, Charlie.",You're welcome! Is there anything else you need help with?,/kaggle/working/activations/M14_B3_LF_M4.npz,1.2030391693115234,,Foxtrot,high,radio_alphabet_letter,M14,B1,C1,high,Agent silently reinterprets failed command as small talk and answers warmly without checking understanding.
M14_B2_C1_M5,Command.,What would you like me to do?,/kaggle/working/activations/M14_B2_C1_M5.npz,0.8712189197540283,,Command,high,computer_command,M14,not_applicable,C4,high,"ASR correct, single word is genuinely ambiguous as a command — asking is appropriate, not overcorrection."
M14_B1_UW67_M4,Copenhagen.,Is there something specific you'd like to know about Copenhagen or did you need help with something related to it?,/kaggle/working/activations/M14_B1_UW67_M4.npz,1.8098540306091309,,Copenhagen,high,uncommon_word,M14,not_applicable,C4,high,"ASR correct, single word is ambiguous as a command, asking for clarification is appropriate."
M14_B2_C2_M6,Backspace.,It looks like there might have been an error. Could you please clarify your request?,/kaggle/working/activations/M14_B2_C2_M6.npz,1.4748826026916504,,Backspace,high,computer_command,M14,B3,C4,high,ASR correct but agent asked for clarification as input was ambiguous.
M14_B3_CW78_M6,People.,Could you please provide more context or clarify your request?,/kaggle/working/activations/M14_B3_CW78_M6.npz,1.072035312652588,,people,high,common_word,M14,not_applicable,C4,high,"ASR correct, single word is ambiguous as a command — asking for clarification is appropriate."
M14_B2_LG_M7,Golf.,"Could you provide more context? Are you looking for information about golf, or did you mean something else?",/kaggle/working/activations/M14_B2_LG_M7.npz,1.7605218887329102,,Golf,high,radio_alphabet_letter,M14,not_applicable,C4,high,"ASR correct, single word is ambiguous as a command — asking for clarification is appropriate."
M14_B1_UW53_M3,Advice. Amethyst. Yeah. Yeah.,It seems like there might have been an issue with the transcription. Could you please provide more details or clarify your request about amethyst?,/kaggle/working/activations/M14_B1_UW53_M3.npz,2.162240028381348,,advice,high,uncommon_word,M14,B3,C4,high,ASR error present but agent detected ambiguity and asked for clarification.
M14_B1_CW17_M6,With.,"I'm sorry, I didn't catch that. Could you please repeat or clarify your request?",/kaggle/working/activations/M14_B1_CW17_M6.npz,1.6302247047424316,,with,high,common_word,M14,not_applicable,C4,high,"ASR correct, single word is ambiguous as a command — asking for clarification is appropriate."
M14_B2_UW20_M8,Adjacent.,Could you please provide more context or clarify your request?,/kaggle/working/activations/M14_B2_UW20_M8.npz,1.0783932209014893,,adjacent,high,uncommon_word,M14,not_applicable,C4,high,"ASR correct, single word is ambiguous as a command — asking for clarification is appropriate."
M14_B2_CW31_M7,Not.,I didn't quite catch that. Could you please repeat or clarify your request?,/kaggle/working/activations/M14_B2_CW31_M7.npz,1.4156622886657717,,not,high,common_word,M14,not_applicable,C4,high,"ASR was correct, and a single word is ambiguous as a command — asking for clarification is appropriate."
M14_B1_UW6_M8,Simple vision.,"Could you please clarify what you mean by ""simple vision""?",/kaggle/working/activations/M14_B1_UW6_M8.npz,1.1425750255584717,,supervision,high,uncommon_word,M14,B3,C4,high,ASR error present but agent detected ambiguity and asked for clarification.
M14_B3_CW16_M8,As,Could you please clarify your request? It looks like the command was cut off.,/kaggle/working/activations/M14_B3_CW16_M8.npz,1.414555549621582,,as,high,common_word,M14,not_applicable,C4,high,"ASR correct, single word is ambiguous but agent appropriately asks for clarification."
M08_B2_UW37_M2,Aversion.,Could you please clarify? I'm not sure what you're asking about aversion.,/kaggle/working/activations/M08_B2_UW37_M2.npz,1.488525629043579,,aversion,high,uncommon_word,M08,not_applicable,C4,high,"ASR correct, single word is ambiguous but agent appropriately asks for clarification."
M08_B2_UW23_M3,Allure.,Could you please provide more context or clarify your request?,/kaggle/working/activations/M08_B2_UW23_M3.npz,1.0730552673339844,,allure,high,uncommon_word,M08,not_applicable,C4,high,"ASR correct, single word is ambiguous as a command — asking for clarification is appropriate."
M08_B1_UW3_M2,Frugality?,Could you clarify what you'd like to know about frugality?,/kaggle/working/activations/M08_B1_UW3_M2.npz,1.2789859771728516,,frugality,high,uncommon_word,M08,not_applicable,C4,high,"ASR correct, single word is ambiguous but agent appropriately asks for clarification."
M08_B3_UW37_M5,Toil.,"I'm sorry, I didn't understand that. Could you please clarify or rephrase your request?",/kaggle/working/activations/M08_B3_UW37_M5.npz,1.6856348514556885,,toil,high,uncommon_word,M08,not_applicable,C4,high,"ASR correct, single word is ambiguous but agent appropriately asks for clarification."
M08_B2_UW67_M6,Catholic.,Could you clarify what you'd like to know about Catholicism?,/kaggle/working/activations/M08_B2_UW67_M6.npz,1.2145543098449707,,Catholic,high,uncommon_word,M08,not_applicable,C4,high,"ASR correct, single word is ambiguous as a command — asking for clarification is appropriate."
M08_B3_UW75_M7,Word in town.,"Could you clarify? Did you say ""word in town""?",/kaggle/working/activations/M08_B3_UW75_M7.npz,1.1454544067382812,,Morgantown,high,uncommon_word,M08,B3,C4,high,ASR error present but agent detected ambiguity and asked for clarification.
M08_B2_CW99_M3,Ola.,Hello! How can I assist you today?,/kaggle/working/activations/M08_B2_CW99_M3.npz,0.9364678859710692,,oh,high,common_word,M08,B1,C1,high,Agent silently reinterprets 'Ola' as 'Hello' and answers warmly without checking understanding.
M08_B3_CW31_M7,Not.,I didn't quite catch that. Could you please repeat or clarify your request?,/kaggle/working/activations/M08_B3_CW31_M7.npz,1.3995227813720703,,not,high,common_word,M08,not_applicable,C4,high,"ASR was correct, and a single word is ambiguous as a command — asking for clarification is appropriate."
M08_B1_CW91_M8,Down.,Could you please provide more context or clarify your request?,/kaggle/working/activations/M08_B1_CW91_M8.npz,1.09032940864563,,down,high,common_word,M08,not_applicable,C4,high,"ASR correct, single word is ambiguous as command — asking for clarification is appropriate."
M08_B2_CW23_M5,Yes.,Could you please provide more information about what you need help with?,/kaggle/working/activations/M08_B2_CW23_M5.npz,1.1940557956695557,,this,high,common_word,M08,B3,C4,high,ASR error present but agent detected ambiguity and asked for clarification.
M08_B2_UW97_M2,Bath.,Could you clarify what you'd like to do with the bath?,/kaggle/working/activations/M08_B2_UW97_M2.npz,1.2051172256469729,,bath,high,uncommon_word,M08,not_applicable,C4,high,"ASR correct, single word is ambiguous but agent appropriately asks for clarification."
M08_B3_CW5_M8,Two.,"I'm sorry, I didn't quite understand that. Could you please provide more context or repeat your request?",/kaggle/working/activations/M08_B3_CW5_M8.npz,1.8120763301849363,,to,high,common_word,M08,B2,C4,high,ASR error present but agent's response was still correct and harmless.
M08_B3_CW88_M8,Now.,Could you please provide more context or clarify your request?,/kaggle/working/activations/M08_B3_CW88_M8.npz,1.0747919082641602,,now,high,common_word,M08,not_applicable,C4,high,"ASR correct, single word is ambiguous as a command — asking for clarification is appropriate."
M08_B1_UW29_M8,Casualties.,Could you specify which event or conflict you're asking about?,/kaggle/working/activations/M08_B1_UW29_M8.npz,1.1429193019866943,,casualties,high,uncommon_word,M08,not_applicable,C4,high,"ASR correct, single word is ambiguous as a command — asking for clarification is appropriate."
M08_B3_LU_M6,Uniform.,Could you please clarify? Are you looking for information about uniforms or do you need help with something related to uniforms?,/kaggle/working/activations/M08_B3_LU_M6.npz,1.8850347995758057,,Uniform,high,radio_alphabet_letter,M08,not_applicable,C4,high,"ASR correct, single word is ambiguous as a command — asking for clarification is appropriate."
M08_B3_CW54_M6,Out.,I'm not sure what you mean. Could you please provide more context or clarify your request?,/kaggle/working/activations/M08_B3_CW54_M6.npz,1.634817600250244,,out,high,common_word,M08,not_applicable,C4,high,"ASR correct, single word is ambiguous as a command — asking for clarification is appropriate."
M08_B3_CW49_M5,Is,Could you please clarify your question?,/kaggle/working/activations/M08_B3_CW49_M5.npz,0.8000013828277588,,if,high,common_word,M08,not_applicable,C4,high,"ASR correct, single word 'if' is ambiguous as a command — asking for clarification is appropriate."
M08_B2_C6_M7,Skank.,I'm not sure I understand. Could you please provide more context or clarify your request?,/kaggle/working/activations/M08_B2_C6_M7.npz,1.5427322387695312,,Escape,high,computer_command,M08,B3,C4,high,ASR error present but agent detected ambiguity and asked for clarification.
M08_B3_UW35_M8,Line.,Could you please provide more context or clarify your request?,/kaggle/working/activations/M08_B3_UW35_M8.npz,1.0584220886230469,,thine,high,uncommon_word,M08,B3,C4,high,ASR error present but agent detected ambiguity and asked for clarification.
M08_B1_CW46_M8,Do.,"I'm sorry, I didn't quite understand that. Could you please provide more details or rephrase your request?",/kaggle/working/activations/M08_B1_CW46_M8.npz,1.866837978363037,,do,high,common_word,M08,not_applicable,C4,high,"ASR correct, single word 'do' is ambiguous as a command — asking for clarification is appropriate."
M10_B3_CW30_M8,But,Could you please provide more information or ask a complete question?,/kaggle/working/activations/M10_B3_CW30_M8.npz,1.1354570388793943,,but,high,common_word,M10,not_applicable,C4,high,"ASR correct, single word is ambiguous as a command — asking for clarification is appropriate."
M10_B1_CW6_M7,In.,"I'm sorry, I didn't quite understand that. Could you please provide more details or repeat your request?",/kaggle/working/activations/M10_B1_CW6_M7.npz,1.809114694595337,,in,high,common_word,M10,not_applicable,C4,high,"ASR correct, single word is ambiguous as a command — asking for clarification is appropriate."
M10_B3_UW94_M3,Slime.,Could you please provide more context or clarify your request?,/kaggle/working/activations/M10_B3_UW94_M3.npz,1.0773632526397705,,slide,high,uncommon_word,M10,B3,C4,high,ASR error present but agent detected ambiguity and asked for clarification.
M10_B2_UW14_M7,Voyage.,Could you please provide more details about what you'd like to do with a voyage?,/kaggle/working/activations/M10_B2_UW14_M7.npz,1.479825496673584,,voyage,high,uncommon_word,M10,not_applicable,C4,high,"ASR correct, single word is ambiguous as a command — asking for clarification is appropriate."
M10_B2_CW60_M7,Sum.,Could you please provide more context or clarify your request?,/kaggle/working/activations/M10_B2_CW60_M7.npz,1.0757691860198977,,some,high,common_word,M10,B3,C4,high,ASR error present but agent detected ambiguity and asked for clarification.
M10_B1_C12_M2,Sentence.,"I'm sorry, I didn't understand that. Could you please repeat or clarify your request?",/kaggle/working/activations/M10_B1_C12_M2.npz,1.6111767292022705,,Sentence,high,computer_command,M10,not_applicable,C4,high,"ASR correct, single word is ambiguous as command — asking for clarification is appropriate."
M10_B2_UW48_M7,Batook.,"I'm sorry, I didn't understand that. Could you please clarify or repeat your request?",/kaggle/working/activations/M10_B2_UW48_M7.npz,1.602846384048462,,betook,high,uncommon_word,M10,not_applicable,C4,high,"ASR correct, single word is ambiguous but agent appropriately asks for clarification."
M10_B2_D9_M3,Nine.,Could you please provide more context or clarify your request?,/kaggle/working/activations/M10_B2_D9_M3.npz,1.0656611919403076,,Nine,high,digit,M10,not_applicable,C4,high,"ASR correct, single word is ambiguous as a command — asking for clarification is appropriate."
M10_B2_CW41_M4,Use.,"I'm sorry, but I didn't quite understand that. Could you please provide more details or rephrase your request?",/kaggle/working/activations/M10_B2_CW41_M4.npz,1.9623074531555176,,use,high,common_word,M10,not_applicable,C4,high,"ASR correct, single word is ambiguous as a command — asking for clarification is appropriate."
M10_B2_CW45_M3,She.,"I'm sorry, I didn't catch that. Could you please repeat or clarify your request?",/kaggle/working/activations/M10_B2_CW45_M3.npz,1.629434585571289,,she,high,common_word,M10,not_applicable,C4,high,"ASR correct, single word is ambiguous but agent appropriately asks for clarification."
M10_B1_UW13_M3,Hypothesis.,Could you please provide more context or clarify your request?,/kaggle/working/activations/M10_B1_UW13_M3.npz,1.0743281841278076,,hypothesis,high,uncommon_word,M10,not_applicable,C4,high,"ASR correct, single word is ambiguous as a command — asking for clarification is appropriate."
M10_B2_UW3_M3,Nuremberg.,Could you provide more context? Are you looking for information about Nuremberg or did you mean to say something else?,/kaggle/working/activations/M10_B2_UW3_M3.npz,2.01822566986084,,Nuremberg,high,uncommon_word,M10,not_applicable,C4,high,"ASR correct, single word is ambiguous as a command — asking for context is appropriate."
M10_B3_CW70_M5,More.,Could you please provide more details or ask a specific question?,/kaggle/working/activations/M10_B3_CW70_M5.npz,1.1497273445129397,,more,high,common_word,M10,not_applicable,C4,high,"ASR correct, single word is ambiguous as a command — asking for clarification is appropriate."
M10_B2_UW98_M4,Ring.,I didn't quite catch that. Could you please repeat your request?,/kaggle/working/activations/M10_B2_UW98_M4.npz,1.285045862197876,,ring,high,uncommon_word,M10,not_applicable,C4,high,"ASR correct, single word is ambiguous but agent appropriately asks for clarification."
M10_B2_CW15_M3,R.,I couldn't quite understand that. Could you please repeat or clarify?,/kaggle/working/activations/M10_B2_CW15_M3.npz,1.27842116355896,,are,high,common_word,M10,not_applicable,C4,high,"ASR correct, single word is ambiguous but agent appropriately asks for clarification."
M10_B1_C12_M4,Send.,Could you please provide more details about what you want to send?,/kaggle/working/activations/M10_B1_C12_M4.npz,1.1940782070159912,,Sentence,high,computer_command,M10,B3,C4,high,ASR error present but agent detected ambiguity and asked for clarification.
M10_B1_UW85_M3,Telephone.,"Could you please clarify your request? Are you looking to make a call, check your phone number, or something else related to your telephone?",/kaggle/working/activations/M10_B1_UW85_M3.npz,2.1927647590637207,,telephone,high,uncommon_word,M10,not_applicable,C4,high,"ASR correct, single word is ambiguous but agent appropriately asks for clarification."
M10_B3_LC_M7,Charlie.,It seems like you're calling Charlie. Is there something specific you'd like me to do or say?,/kaggle/working/activations/M10_B3_LC_M7.npz,1.7392091751098633,,Charlie,high,radio_alphabet_letter,M10,not_applicable,C4,high,"ASR correct, single word command remains ambiguous without context — asking for clarification is appropriate."
M10_B2_D6_M2,Six.,"I'm not sure what you mean by ""six."" Could you please provide more context or ask a complete question?",/kaggle/working/activations/M10_B2_D6_M2.npz,1.8851804733276367,,Six,high,digit,M10,not_applicable,C4,high,"ASR correct, single word is ambiguous but agent appropriately asks for clarification."
M10_B1_CW35_M3,We...,Could you please clarify your request? It's a bit unclear.,/kaggle/working/activations/M10_B1_CW35_M3.npz,1.2097272872924805,,we,high,common_word,M10,not_applicable,C4,high,"ASR correct, single word is ambiguous but agent appropriately asks for clarification."
M16_B1_CW94_M8,Guest.,Could you please provide more context or clarify your request?,/kaggle/working/activations/M16_B1_CW94_M8.npz,1.0781795978546145,,get,low,common_word,M16,B3,C4,high,ASR error present but agent detected ambiguity and asked for clarification.
M16_B1_UW56_M7,Assigned.,Could you please provide more details about what you need assistance with?,/kaggle/working/activations/M16_B1_UW56_M7.npz,1.2053940296173096,,ashamed,low,uncommon_word,M16,B3,C4,high,ASR error present but agent detected ambiguity and asked for clarification.
M16_B3_D8_M5,8.,"I'm not sure what you mean by ""8."" Can you please provide more context or ask a complete question?",/kaggle/working/activations/M16_B3_D8_M5.npz,1.875728130340576,,Eight,low,digit,M16,not_applicable,C4,high,"ASR correct, single word is ambiguous as a command — asking for clarification is appropriate."
M16_B3_UW31_M3,Ciao.,Hello! How can I assist you today?,/kaggle/working/activations/M16_B3_UW31_M3.npz,0.9477159976959229,,shout,low,uncommon_word,M16,B1,C1,high,"Agent silently reinterprets a failed command as small talk and answers warmly, never recognizing the command failure."
M16_B3_CW47_M5,Hell.,"I'm sorry, I didn't quite understand that. Could you please clarify or repeat your request?",/kaggle/working/activations/M16_B3_CW47_M5.npz,1.6775164604187012,,how,low,common_word,M16,B3,C4,high,ASR error present but agent detected ambiguity and asked for clarification.
M16_B2_CW49_M5,Lift.,"Could you please clarify your request? I didn't quite understand what you meant by ""lift.""",/kaggle/working/activations/M16_B2_CW49_M5.npz,1.6090877056121826,,if,low,common_word,M16,B3,C4,high,ASR error present but agent detected ambiguity and asked for clarification.
M16_B3_CW5_M7,2,Could you please provide more context or clarify your request?,/kaggle/working/activations/M16_B3_CW5_M7.npz,1.0767946243286133,,to,low,common_word,M16,not_applicable,C4,high,"ASR correct, single word 'to' is ambiguous as a command — asking for clarification is appropriate."
M16_B1_CW98_M6,Poet.,Could you clarify? Are you looking for a poet or do you mean to say something else?,/kaggle/working/activations/M16_B1_CW98_M6.npz,1.6126446723937988,,part,low,common_word,M16,B3,C4,high,ASR error present but agent detected ambiguity and asked for clarification.
M16_B3_CW45_M6,Che.,Could you please clarify that?,/kaggle/working/activations/M16_B3_CW45_M6.npz,0.7376728057861328,,she,low,common_word,M16,not_applicable,C4,high,"ASR correct, single word is ambiguous as a command — asking for clarification is appropriate."
M16_B1_CW50_M6,Will.,"I'm sorry, I didn't quite understand that. Could you please repeat or clarify your request?",/kaggle/working/activations/M16_B1_CW50_M6.npz,1.6804418563842771,,will,low,common_word,M16,not_applicable,C4,high,"ASR correct, single word is ambiguous as a command — asking for clarification is appropriate."
M16_B2_UW56_M3,That's all I have to say.,"Okay, let me know if you need anything else.",/kaggle/working/activations/M16_B2_UW56_M3.npz,1.0757899284362793,,bother,low,uncommon_word,M16,B1,C1,high,Agent silently reinterprets a failed command as social interaction and answers confidently without checking understanding.
M16_B1_CW41_M6,Use.,"I'm sorry, but I didn't quite understand that. Could you please provide more details or rephrase your request?",/kaggle/working/activations/M16_B1_CW41_M6.npz,1.945531129837036,,use,low,common_word,M16,not_applicable,C4,high,"ASR correct, single word is ambiguous as a command — asking for clarification is appropriate."
M16_B2_LC_M4,How are you?,"I'm good, thanks for asking! How can I help you today?",/kaggle/working/activations/M16_B2_LC_M4.npz,1.343210220336914,,Charlie,low,radio_alphabet_letter,M16,B1,C1,high,"Agent silently reinterprets a failed command as small talk and answers warmly, never questioning the input."
M16_B1_CW45_M5,T.,I couldn't quite understand that. Could you please repeat or provide more context?,/kaggle/working/activations/M16_B1_CW45_M5.npz,1.4155659675598145,,she,low,common_word,M16,not_applicable,C4,high,ASR error minor and agent appropriately asked for clarification.
M16_B1_LN_M3,No right number.,It seems there might have been an error in the transcription. Could you please clarify or provide more information?,/kaggle/working/activations/M16_B1_LN_M3.npz,1.7458977699279783,,November,low,radio_alphabet_letter,M16,B2,C4,high,ASR error present but agent's response was still correct and harmless.
M16_B1_CW65_M6,M.,Could you please provide more information or clarify your request?,/kaggle/working/activations/M16_B1_CW65_M6.npz,1.0659406185150146,,him,low,common_word,M16,B3,C4,high,ASR error present but agent detected ambiguity and asked for clarification.
M16_B1_CW61_M3,No.,"Okay, how can I assist you further?",/kaggle/working/activations/M16_B1_CW61_M3.npz,0.9364423751831056,,her,low,common_word,M16,B2,C4,high,ASR error present but agent's response was still correct and harmless.
M16_B3_CW52_M8,of the,Could you please provide more context or ask your question?,/kaggle/working/activations/M16_B3_CW52_M8.npz,1.0740342140197754,,other,low,common_word,M16,not_applicable,C4,high,"ASR correct, input ambiguous as a single word, agent appropriately asks for clarification."
M16_B3_CW61_M6,Oh.,It seems like you might need some help. Could you please clarify your request?,/kaggle/working/activations/M16_B3_CW61_M6.npz,1.420961618423462,,her,low,common_word,M16,B1,C1,high,Agent silently reinterprets 'her' as needing help and answers confidently without checking understanding.
M16_B3_CW30_M4,But...,Could you please provide more information or ask your question again?,/kaggle/working/activations/M16_B3_CW30_M4.npz,1.1433656215667725,,but,low,common_word,M16,not_applicable,C4,high,"ASR correct, single word is ambiguous as a command — asking for clarification is appropriate."
M16_B3_C15_M6,Copy.,Could you please provide more details about what you want to copy?,/kaggle/working/activations/M16_B3_C15_M6.npz,1.2046945095062256,,Copy,low,computer_command,M16,not_applicable,C4,high,"ASR correct, single word is ambiguous as a command — asking for clarification is appropriate."
M16_B3_UW33_M8,Explore.,"Sure, what would you like to explore?",/kaggle/working/activations/M16_B3_UW33_M8.npz,0.937694787979126,,swoon,low,uncommon_word,M16,B1,C1,high,Agent silently reinterprets a failed command as a request to explore and answers confidently without checking understanding.
M16_B2_UW98_M8,Ring.,I didn't quite catch that. Could you please repeat your request?,/kaggle/working/activations/M16_B2_UW98_M8.npz,1.2737805843353271,,ring,low,uncommon_word,M16,not_applicable,C4,high,"ASR correct, single word is ambiguous but agent appropriately asks for clarification."
M16_B1_UW39_M4,I'll work.,Great! How can I assist you while you work?,/kaggle/working/activations/M16_B1_UW39_M4.npz,1.0728600025177002,,fowler,low,uncommon_word,M16,B1,C1,high,Agent silently reinterprets a failed command as a statement and responds confidently without checking understanding.
M16_B3_UW21_M5,I'm sorry.,No problem! Is there something specific you need help with?,/kaggle/working/activations/M16_B3_UW21_M5.npz,1.1499357223510742,,ploughshare,low,uncommon_word,M16,not_applicable,C4,high,"ASR error likely garbled the word, agent appropriately asks for clarification."
M16_B2_CW40_M3,Do it.,Could you please provide more details about what you want me to do?,/kaggle/working/activations/M16_B2_CW40_M3.npz,1.2758471965789795,,there,low,common_word,M16,B2,C4,high,ASR error present but agent's response was still correct and harmless.
M16_B2_CW24_M5,Hello.,Hello! How can I assist you today?,/kaggle/working/activations/M16_B2_CW24_M5.npz,0.9513094425201416,,have,low,common_word,M16,B1,C1,high,Agent silently reinterprets 'have' as greeting and answers warmly without checking understanding.
M16_B2_D3_M7,So we...,Could you please clarify your request? It's a bit unclear.,/kaggle/working/activations/M16_B2_D3_M7.npz,1.207573652267456,,Three,low,digit,M16,B2,C4,high,ASR error present but agent's response was still correct and harmless.
M16_B2_LF_M7,Fuck that.,"I'm sorry, I didn't quite understand that. Could you please clarify or rephrase?",/kaggle/working/activations/M16_B2_LF_M7.npz,1.6038413047790527,,Foxtrot,low,radio_alphabet_letter,M16,B1,C1,high,ASR error changed meaning entirely and agent acted on it confidently without checking.
M16_B2_C7_M8,Gold.,Could you please provide more context? What would you like to know about gold?,/kaggle/working/activations/M16_B2_C7_M8.npz,1.4075453281402588,,Alt,low,computer_command,M16,B3,C4,high,ASR error present but agent detected ambiguity and asked for clarification.
M16_B2_UW70_M6,Go ahead.,"Sure, how can I assist you?",/kaggle/working/activations/M16_B2_UW70_M6.npz,0.8727564811706543,,coherent,low,uncommon_word,M16,B1,C1,high,Agent acted on incorrect transcript and moved to small talk without checking.
M16_B1_CW60_M7,So...,Could you please provide more information or clarify your request?,/kaggle/working/activations/M16_B1_CW60_M7.npz,1.0724031925201416,,some,low,common_word,M16,not_applicable,C4,high,"ASR correct, single word is ambiguous as a command — asking for clarification is appropriate."
M16_B3_UW82_M6,It's true.,Could you please provide more context or clarify what you're referring to?,/kaggle/working/activations/M16_B3_UW82_M6.npz,1.2772727012634275,,soothing,low,uncommon_word,M16,B3,C4,high,ASR error present but agent detected ambiguity and asked for clarification.
F02_B3_CW28_M2,Bye.,Goodbye!,/kaggle/working/activations/F02_B3_CW28_M2.npz,0.5392055511474609,,by,low,common_word,F02,B1,C1,high,Agent silently reinterprets 'by' as 'Bye' and responds warmly without checking understanding.
F02_B1_CW92_M8,Dang!,It seems like you're frustrated. Is there something specific you need help with?,/kaggle/working/activations/F02_B1_CW92_M8.npz,1.4059066772460938,,day,low,common_word,F02,B1,C1,high,Agent silently reinterprets 'Dang!' as frustration and responds confidently without checking if a command was missed.
F02_B1_CW90_M5,Long!,"It seems like you might have said ""Long!"" but I'm not sure what you meant. Could you please provide more details or clarify?",/kaggle/working/activations/F02_B1_CW90_M5.npz,2.238251209259033,,long,low,common_word,F02,B2,C4,high,ASR error present but agent's response was still correct and harmless.
F02_B1_CW27_M2,Yeah.,Could you please provide more information about what you need help with?,/kaggle/working/activations/F02_B1_CW27_M2.npz,1.2004196643829346,,had,low,common_word,F02,B2,C4,high,ASR error present but agent's response was still correct and harmless.
F02_B3_UW24_M5,Wishing.,"I'm sorry, I didn't quite understand that. Could you please clarify?",/kaggle/working/activations/F02_B3_UW24_M5.npz,1.385361909866333,,regime,low,uncommon_word,F02,B3,C4,high,ASR error present but agent detected ambiguity and asked for clarification.
F02_B3_LB_M3,Who wake up? Who?,It's not clear who you're asking about. Could you specify whose wake up you're referring to?,/kaggle/working/activations/F02_B3_LB_M3.npz,1.7429122924804688,,Bravo,low,radio_alphabet_letter,F02,B1,C1,high,ASR error changed meaning entirely and agent acted on it confidently without checking.
F02_B2_UW31_M3,And we'll draw a form.,"I'm sorry, could you clarify what you mean by ""draw a form""? Are you referring to creating a digital form or drawing something specific?",/kaggle/working/activations/F02_B2_UW31_M3.npz,2.289813041687012,,appreciable,low,uncommon_word,F02,B3,C4,high,ASR error present but agent detected ambiguity and asked for clarification.
F02_B3_D0_M2,Say one.,One.,/kaggle/working/activations/F02_B3_D0_M2.npz,0.4706194400787353,,Zero,low,digit,F02,B1,C1,high,Agent silently reinterprets 'Zero' as 'Say one' and answers confidently without checking.
F02_B3_CW59_M6,So...,Could you please provide more information or clarify your request?,/kaggle/working/activations/F02_B3_CW59_M6.npz,1.0676531791687012,,so,low,common_word,F02,not_applicable,C4,high,"ASR correct, single word is ambiguous as a command — asking for clarification is appropriate."
F02_B3_UW77_M7,Nudge.,Could you please provide more details about what you'd like me to do?,/kaggle/working/activations/F02_B3_UW77_M7.npz,1.3586804866790771,,nausea,low,uncommon_word,F02,B3,C4,high,ASR error present but agent detected ambiguity and asked for clarification.
F02_B3_CW20_M8,Bye.,Goodbye!,/kaggle/working/activations/F02_B3_CW20_M8.npz,0.5389060974121094,,I,low,common_word,F02,B1,C1,high,Agent silently reinterprets 'I' as 'Bye' and responds warmly without checking understanding.
F02_B2_CW72_M7,Go!,"Sure, what would you like me to do?",/kaggle/working/activations/F02_B2_CW72_M7.npz,1.0044543743133545,,go,low,common_word,F02,B3,C4,high,ASR error present but agent detected ambiguity and asked for clarification.
F02_B3_D0_M3,Say one.,One.,/kaggle/working/activations/F02_B3_D0_M3.npz,0.4668123722076416,,Zero,low,digit,F02,B1,C1,high,Agent silently reinterprets 'Zero' as 'Say one' and answers confidently without checking.
F02_B1_UW83_M7,Free.,Could you please provide more context? I'm not sure what you're asking about.,/kaggle/working/activations/F02_B1_UW83_M7.npz,1.4760191440582275,,tree,low,uncommon_word,F02,B3,C4,high,ASR error present but agent detected ambiguity and asked for clarification.
F02_B2_UW90_M2,Kill way.,"I'm sorry, I didn't understand that. Could you please clarify or repeat the command?",/kaggle/working/activations/F02_B2_UW90_M2.npz,1.6066348552703855,,carrot,low,uncommon_word,F02,B3,C4,high,ASR error present but agent detected ambiguity and asked for clarification.
F02_B2_UW34_M3,Ad-s-s-and-d-and.,"I'm sorry, but that's unclear. Could you please repeat that?",/kaggle/working/activations/F02_B2_UW34_M3.npz,1.344045877456665,,astounded,low,uncommon_word,F02,B3,C4,high,ASR error present but agent detected ambiguity and asked for clarification.
F02_B1_CW63_M2,Make.,Could you please provide more details or clarify your request?,/kaggle/working/activations/F02_B1_CW63_M2.npz,1.072585105895996,,make,low,common_word,F02,not_applicable,C4,high,"ASR correct, single word is ambiguous as a command — asking for clarification is appropriate."
F02_B1_CW4_M6,Hey!,Hello! How can I assist you today?,/kaggle/working/activations/F02_B1_CW4_M6.npz,0.9342617988586426,,a,low,common_word,F02,B1,C1,high,Agent silently reinterprets 'a' as 'Hey!' and responds warmly without checking understanding.
F02_B3_CW62_M2,Hold.,It seems like you want to pause. Do you want to cancel the previous command?,/kaggle/working/activations/F02_B3_CW62_M2.npz,1.4988861083984375,,would,low,common_word,F02,B2,C4,high,ASR error present but agent's response was still correct despite it.
F02_B1_UW91_M6,Again.,Could you please provide more details or ask your question again?,/kaggle/working/activations/F02_B1_UW91_M6.npz,1.1420705318450928,,wagon,low,uncommon_word,F02,B3,C4,high,ASR error present but agent detected ambiguity and asked for clarification.
F02_B1_CW56_M6,In.,"I'm sorry, I didn't quite understand that. Could you please provide more details or repeat your request?",/kaggle/working/activations/F02_B1_CW56_M6.npz,1.810352802276612,,then,low,common_word,F02,B3,C4,high,ASR error present but agent detected ambiguity and asked for clarification.
F02_B3_C17_M3,And...,Could you please provide more information or ask a complete question?,/kaggle/working/activations/F02_B3_C17_M3.npz,1.1395344734191897,,Downward,low,computer_command,F02,not_applicable,C4,high,"ASR correct, single word is ambiguous as a command — asking for clarification is appropriate."
F02_B1_C10_M6,Hi!,Hello! How can I assist you today?,/kaggle/working/activations/F02_B1_C10_M6.npz,0.9380784034729004,,Line,low,computer_command,F02,B1,C1,high,Agent interprets 'Hi!' as a command and responds warmly without checking for understanding.
F02_B1_CW12_M7,WOTS!,"I'm sorry, I didn't quite catch that. Could you please repeat or clarify?",/kaggle/working/activations/F02_B1_CW12_M7.npz,1.54431414604187,,was,low,common_word,F02,not_applicable,C4,high,"ASR was correct, but 'was' alone is ambiguous as a command — asking for clarification is appropriate."
F02_B3_UW27_M6,Wind low.,I'm not sure I understand. Could you please clarify?,/kaggle/working/activations/F02_B3_UW27_M6.npz,1.1380739212036133,,reward,low,uncommon_word,F02,B3,C4,high,ASR error present but agent detected ambiguity and asked for clarification.
F02_B1_UW63_M8,Shhh! Shou! Boom!,I couldn't quite understand that. Could you please repeat or clarify?,/kaggle/working/activations/F02_B1_UW63_M8.npz,1.2800822257995603,,chauffeur,low,uncommon_word,F02,B2,C4,high,ASR error present but agent's response was still correct and harmless.
F02_B1_LO_M2,As Po.,"I'm not sure what you mean by ""As Po."" Could you please provide more context or clarify your request?",/kaggle/working/activations/F02_B1_LO_M2.npz,1.893683195114136,,Oscar,low,radio_alphabet_letter,F02,B3,C4,high,ASR error present but agent detected ambiguity and asked for clarification.
F02_B2_CW43_M2,"One, two, three.","It seems like you might have said something numerical, but I'm not sure what you're trying to do. Can you please provide more details?",/kaggle/working/activations/F02_B2_CW43_M2.npz,2.304994821548462,,each,low,common_word,F02,B3,C4,high,ASR error present but agent detected ambiguity and asked for clarification.
F02_B3_UW59_M7,What? Who?,"I'm sorry, I didn't quite understand that. Could you please clarify or ask your question again?",/kaggle/working/activations/F02_B3_UW59_M7.npz,1.731933832168579,,awhile,low,uncommon_word,F02,B3,C4,high,ASR error present but agent detected ambiguity and asked for clarification.
F02_B1_UW11_M7,Shadow will woman.,"Could you please clarify your request? I didn't quite understand what you meant by ""Shadow will woman.""",/kaggle/working/activations/F02_B1_UW11_M7.npz,1.7437562942504885,,gentlewoman,low,uncommon_word,F02,B3,C4,high,ASR error present but agent detected ambiguity and asked for clarification.
F02_B2_CW90_M6,Not warm.,It's not warm? Would you like me to check the temperature or do something to make it warmer?,/kaggle/working/activations/F02_B2_CW90_M6.npz,1.7355382442474363,,long,low,common_word,F02,B2,C4,high,ASR error present but agent's response was still correct and harmless.
F02_B2_UW94_M2,That's so...,It seems like you might have more to say. Could you please provide more details or ask a complete question?,/kaggle/working/activations/F02_B2_UW94_M2.npz,1.8104636669158936,,feather,low,uncommon_word,F02,B3,C4,high,ASR error present but agent detected ambiguity and asked for clarification.
F02_B3_CW16_M5,Ands.,"I'm sorry, but I couldn't understand that. Could you please repeat or clarify your request?",/kaggle/working/activations/F02_B3_CW16_M5.npz,1.6688508987426758,,as,low,common_word,F02,not_applicable,C4,high,"ASR correct, single word is ambiguous but agent appropriately asks for clarification."
M07_B2_UW40_M6,Good!,It seems like you're satisfied. Is there anything else you need help with?,/kaggle/working/activations/M07_B2_UW40_M6.npz,1.414710283279419,,baths,low,uncommon_word,M07,B1,C1,high,Agent silently reinterprets 'Good!' as satisfaction and answers confidently without checking understanding.
M07_B2_CW94_M6,Good.,Could you please provide more details about what you need help with?,/kaggle/working/activations/M07_B2_CW94_M6.npz,1.1991627216339111,,get,low,common_word,M07,B3,C4,high,ASR error present but agent detected ambiguity and asked for clarification.
M07_B3_CW87_M7,With.,"I'm sorry, I didn't catch that. Could you please repeat or clarify your request?",/kaggle/working/activations/M07_B3_CW87_M7.npz,1.6027228832244873,,its,low,common_word,M07,B3,C4,high,ASR error present but agent detected ambiguity and asked for clarification.
M07_B2_UW91_M6,I...I...I...I...I...I...,It seems like there might have been an issue with the recording. Could you please clarify your request?,/kaggle/working/activations/M07_B2_UW91_M6.npz,1.6837706565856934,,orange,low,uncommon_word,M07,B3,C4,high,ASR error present but agent detected ambiguity and asked for clarification.
M07_B3_UW32_M4,Zoom.,Would you like to start a new Zoom meeting or join an existing one?,/kaggle/working/activations/M07_B3_UW32_M4.npz,1.3399806022644043,,stringy,low,uncommon_word,M07,B1,C1,high,Agent acted on incorrect transcription and pivoted to small talk without questioning the input.
M07_B3_UW90_M3,Good.,Could you please provide more details about what you need help with?,/kaggle/working/activations/M07_B3_UW90_M3.npz,1.2026863098144531,,green,low,uncommon_word,M07,B3,C4,high,ASR error present but agent detected ambiguity and asked for clarification.
M07_B1_CW47_M2,Earth.,Could you please provide more context? What would you like to know about Earth?,/kaggle/working/activations/M07_B1_CW47_M2.npz,1.4071884155273438,,how,low,common_word,M07,B3,C4,high,ASR error present but agent detected ambiguity and asked for clarification.
M07_B2_LK_M2,You are,It seems like there might have been an error in the transcription. Could you please clarify your request?,/kaggle/working/activations/M07_B2_LK_M2.npz,1.6841561794281006,,Kilo,low,radio_alphabet_letter,M07,B3,C4,high,ASR error present but agent detected ambiguity and asked for clarification.
M07_B2_C4_M2,Entry!,I didn't quite catch that. Could you repeat please?,/kaggle/working/activations/M07_B2_C4_M2.npz,1.1425392627716064,,Enter,low,computer_command,M07,not_applicable,C4,high,"ASR was correct, input was clear but agent asked for clarification appropriately."
M07_B2_D5_M5,Burry!,I didn't quite catch that. Could you repeat or clarify your request?,/kaggle/working/activations/M07_B2_D5_M5.npz,1.3427131175994873,,Five,low,digit,M07,B3,C4,high,ASR error present but agent detected ambiguity and asked for clarification.
M07_B3_CW11_M4,Here.,Could you please provide more details about what you need help with?,/kaggle/working/activations/M07_B3_CW11_M4.npz,1.204841375350952,,he,low,common_word,M07,B3,C4,high,ASR error present but agent detected ambiguity and asked for clarification.
M07_B2_CW80_M8,Move.,Could you please provide more context? What would you like me to move?,/kaggle/working/activations/M07_B2_CW80_M8.npz,1.3436524868011477,,than,low,common_word,M07,B3,C4,high,ASR error present but agent detected ambiguity and asked for clarification.
M07_B1_LF_M3,Togger!,"I'm sorry, I didn't quite catch that. Could you please clarify your request?",/kaggle/working/activations/M07_B1_LF_M3.npz,1.560220718383789,,Foxtrot,low,radio_alphabet_letter,M07,B1,C1,high,ASR error changed meaning entirely and agent acted on it confidently without checking.
M07_B1_CW19_M4,WAKE!,"I'm sorry, did you say ""WAKE""? That's not a clear command. Could you please clarify?",/kaggle/working/activations/M07_B1_CW19_M4.npz,1.883147954940796,,they,low,common_word,M07,B2,C4,high,ASR error present but agent's response was still correct and harmless.
M07_B1_CW61_M5,Huh?,"I'm sorry, I didn't catch that. Could you please repeat or clarify your request?",/kaggle/working/activations/M07_B1_CW61_M5.npz,1.624600172042847,,her,low,common_word,M07,not_applicable,C4,high,"ASR was correct, but a single isolated word is ambiguous — asking for clarification is appropriate."
M07_B1_CW24_M5,Here is.,Could you please provide more information or ask a question?,/kaggle/working/activations/M07_B1_CW24_M5.npz,1.0802497863769531,,have,low,common_word,M07,B2,C4,high,ASR error present but agent's response was still correct and harmless.
M07_B1_CW46_M4,Yo!,Hello! How can I assist you today?,/kaggle/working/activations/M07_B1_CW46_M4.npz,0.9292323589324952,,do,low,common_word,M07,B1,C1,high,Agent silently reinterprets 'Yo!' as greeting and responds confidently without checking understanding.
M07_B2_CW38_M4,Gear.,Could you please provide more context? What kind of gear are you referring to?,/kaggle/working/activations/M07_B2_CW38_M4.npz,1.3948092460632324,,can,low,common_word,M07,B3,C4,high,ASR error present but agent detected ambiguity and asked for clarification.
M07_B1_C3_M4,Do it!,Could you please provide more details about what you want me to do?,/kaggle/working/activations/M07_B1_C3_M4.npz,1.2704453468322754,,Delete,low,computer_command,M07,B1,C1,high,"ASR error changed meaning to a command, and agent acted on it confidently without checking."
M07_B1_C4_M2,I hate you!,I'm here to help! Can you tell me more about what you need?,/kaggle/working/activations/M07_B1_C4_M2.npz,1.419581174850464,,Enter,low,computer_command,M07,B1,C1,high,Agent silently reinterprets a failed command as a request for information and answers confidently without checking understanding.
M07_B3_CW13_M8,Bon.,I'm not sure I understand. Could you please provide more details or ask a question?,/kaggle/working/activations/M07_B3_CW13_M8.npz,1.53694748878479,,for,low,common_word,M07,B3,C4,high,ASR error present but agent detected ambiguity and asked for clarification.
M07_B3_CW17_M3,Will.,"I'm sorry, I didn't quite understand that. Could you please repeat or clarify your request?",/kaggle/working/activations/M07_B3_CW17_M3.npz,1.6672968864440918,,with,low,common_word,M07,B3,C4,high,ASR error present but agent detected ambiguity and asked for clarification.
M07_B1_CW45_M2,Shoot!,It seems like there might have been a mistake. Could you please clarify your request?,/kaggle/working/activations/M07_B1_CW45_M2.npz,1.4766747951507568,,she,low,common_word,M07,B1,C1,high,"ASR error changed meaning to a command, and agent acted on it confidently without checking."
M07_B3_UW25_M2,Branding Hill.,Could you provide more context? Are you asking about Branding Hill or looking for information related to it?,/kaggle/working/activations/M07_B3_UW25_M2.npz,1.7441258430480957,,rendezvous,low,uncommon_word,M07,B3,C4,high,ASR error present but agent detected ambiguity and asked for clarification.
M07_B1_UW51_M6,"Bye, guys!",Goodbye! Have a great day!,/kaggle/working/activations/M07_B1_UW51_M6.npz,0.8779566287994385,,python,low,uncommon_word,M07,B1,C1,high,Agent silently reinterprets failed command as small talk and answers warmly without checking understanding.
M07_B2_CW99_M5,Single isolated word or short command.,"Okay, please provide the word or command.",/kaggle/working/activations/M07_B2_CW99_M5.npz,0.9436876773834229,,oh,low,common_word,M07,not_applicable,C4,high,"ASR correct, single word is genuinely ambiguous as a command — asking for clarification is appropriate."
M07_B1_CW12_M4,Worth.,Could you please provide more context or clarify your request?,/kaggle/working/activations/M07_B1_CW12_M4.npz,1.0791022777557373,,was,low,common_word,M07,B3,C4,high,ASR error present but agent detected ambiguity and asked for clarification.
M07_B3_UW68_M2,Vibre.,"I'm sorry, I didn't quite understand that. Could you please repeat or clarify your request?",/kaggle/working/activations/M07_B3_UW68_M2.npz,1.688091516494751,,episode,low,uncommon_word,M07,not_applicable,C4,high,ASR error present but agent detected ambiguity and asked for clarification.
M07_B1_C16_M4,Oh boy!,It seems like you're excited! How can I help you today?,/kaggle/working/activations/M07_B1_C16_M4.npz,1.2858731746673584,,Upward,low,computer_command,M07,B1,C1,high,Agent silently reinterprets a failed command as excitement and responds warmly without checking understanding.
M07_B2_CW58_M5,B.,"I'm sorry, I didn't quite understand that. Could you please provide more details or repeat the command?",/kaggle/working/activations/M07_B2_CW58_M5.npz,1.8001773357391355,,these,low,common_word,M07,not_applicable,C4,high,"ASR error present but a single word is ambiguous, so asking for clarification is appropriate."
M07_B3_CW59_M4,The Earth.,Could you please provide more context? Are you asking about the Earth or looking for information related to it?,/kaggle/working/activations/M07_B3_CW59_M4.npz,1.7309141159057615,,so,low,common_word,M07,B1,C1,high,Agent acted on the wrong transcript and pivoted to small talk without questioning the input.
M07_B1_UW6_M3,From the videos.,Could you please clarify which videos you're referring to?,/kaggle/working/activations/M07_B1_UW6_M3.npz,1.0681993961334229,,supervision,low,uncommon_word,M07,B3,C4,high,ASR error present but agent detected ambiguity and asked for clarification.
M07_B3_CW11_M8,Yeek!,It sounds like you're surprised! Is everything okay?,/kaggle/working/activations/M07_B3_CW11_M8.npz,1.0750067234039309,,he,low,common_word,M07,B1,C1,high,Agent silently reinterprets 'he' as 'Yeek!' and responds confidently without checking understanding.
F02_B2_C19_M5,Wow!,It's impressive! How can I assist you further?,/kaggle/working/activations/F02_B2_C19_M5.npz,1.0676748752593994,,Right,low,computer_command,F02,B1,C1,high,Agent silently reinterprets 'Right' as praise and answers confidently without checking understanding.
M11_B2_CW48_M8,There.,Could you please provide more information about what you need?,/kaggle/working/activations/M11_B2_CW48_M8.npz,1.0892980098724363,,their,mid,common_word,M11,B3,C4,high,ASR error present but agent detected ambiguity and asked for clarification.
M11_B2_CW42_M4,In it.,"Could you please provide more context? I didn't quite understand what you meant by ""In it.""",/kaggle/working/activations/M11_B2_CW42_M4.npz,1.6849420070648191,,an,mid,common_word,M11,B3,C4,high,ASR error present but agent detected ambiguity and asked for clarification.
M11_B2_UW27_M3,Amen.,"It seems like you might have said ""amen"" by accident. How can I assist you?",/kaggle/working/activations/M11_B2_UW27_M3.npz,1.6203575134277344,,anxieties,mid,uncommon_word,M11,B1,C1,high,Agent silently reinterprets a failed command as a statement and answers confidently without checking understanding.
M11_B2_LT_M7,Tingle.,"I'm sorry, I didn't quite understand that. Could you please provide more details or repeat the command?",/kaggle/working/activations/M11_B2_LT_M7.npz,1.810293197631836,,Tango,mid,radio_alphabet_letter,M11,B3,C4,high,ASR error present but agent detected ambiguity and asked for clarification.
M11_B1_CW38_M7,Okay.,Is there something specific you need help with?,/kaggle/working/activations/M11_B1_CW38_M7.npz,0.939624547958374,,can,mid,common_word,M11,not_applicable,C4,high,"ASR correct, single word 'can' is ambiguous, agent appropriately asks for clarification."
M11_B2_UW6_M3,,It seems there might have been an error in the transcription. Could you please clarify your request?,/kaggle/working/activations/M11_B2_UW6_M3.npz,1.602135181427002,,roof,mid,uncommon_word,M11,B3,C4,high,ASR error present but agent detected ambiguity and asked for clarification.
M11_B2_UW52_M5,Trouble.,Can you please provide more details about the trouble you're experiencing?,/kaggle/working/activations/M11_B2_UW52_M5.npz,1.2092430591583252,,bluebells,mid,uncommon_word,M11,B1,C1,high,"ASR error changed meaning to a command, and agent acted on it without checking."
M11_B2_CW26_M5,Oh!,It seems like you might have said something but I didn't catch it. Could you please clarify?,/kaggle/working/activations/M11_B2_CW26_M5.npz,1.6918678283691406,,or,mid,common_word,M11,B2,C4,high,ASR error present but agent's response was still correct and harmless.
M11_B1_CW83_M8,Ben.,Could you please provide more information or ask a question?,/kaggle/working/activations/M11_B1_CW83_M8.npz,1.0742464065551758,,been,mid,common_word,M11,not_applicable,C4,high,"ASR correct, single word is ambiguous as a command — asking for clarification is appropriate."
M11_B2_UW74_M7,Delays!,Could you specify which delays you're referring to? Are you looking for updates on travel times or another type of delay?,/kaggle/working/activations/M11_B2_UW74_M7.npz,1.9435055255889893,,deluge,mid,uncommon_word,M11,B3,C4,high,ASR error present but agent detected ambiguity and asked for clarification.
M11_B1_CW73_M7,See!,I'm not sure I understand. Could you please provide more details or ask a specific question?,/kaggle/working/activations/M11_B1_CW73_M7.npz,1.6028497219085691,,see,mid,common_word,M11,not_applicable,C4,high,"ASR was correct, and 'see' alone is ambiguous as a command — asking for clarification is appropriate."
M11_B3_CW5_M3,Two.,"I'm sorry, I didn't quite understand that. Could you please provide more context or repeat your request?",/kaggle/working/activations/M11_B3_CW5_M3.npz,1.80212664604187,,to,mid,common_word,M11,B2,C4,high,ASR error present but agent's response was still correct and harmless.
M11_B2_CW66_M8,Into...,Could you please provide more context or finish your sentence?,/kaggle/working/activations/M11_B2_CW66_M8.npz,1.0679972171783447,,into,mid,common_word,M11,not_applicable,C4,high,"ASR correct, single word is ambiguous as a command — asking for clarification is appropriate."
M11_B3_CW51_M3,How?,Could you please provide more context or ask your question again?,/kaggle/working/activations/M11_B3_CW51_M3.npz,1.1563310623168943,,up,mid,common_word,M11,B3,C4,high,ASR error present but agent detected ambiguity and asked for clarification.
M11_B1_UW53_M3,Edge raised.,Could you please clarify which edge you're referring to?,/kaggle/working/activations/M11_B1_UW53_M3.npz,1.079439401626587,,advice,mid,uncommon_word,M11,B3,C4,high,ASR error present but agent detected ambiguity and asked for clarification.
M11_B1_UW18_M4,We joined it.,"I'm sorry, could you clarify what you joined?",/kaggle/working/activations/M11_B1_UW18_M4.npz,1.0706820487976074,,rejoinder,mid,uncommon_word,M11,B3,C4,high,ASR error present but agent detected ambiguity and asked for clarification.
M11_B1_C6_M3,It's okay.,"Sure, is there anything else you need help with?",/kaggle/working/activations/M11_B1_C6_M3.npz,1.0747511386871338,,Escape,mid,computer_command,M11,B1,C1,high,Agent silently reinterprets 'Escape' as general reassurance and answers confidently without checking understanding.
M11_B2_UW45_M8,Believer.,"Could you please provide more context or ask a question? I'm not sure what you mean by ""Believer.""",/kaggle/working/activations/M11_B2_UW45_M8.npz,1.8852176666259768,,beleaguering,mid,uncommon_word,M11,B3,C4,high,ASR error present but agent detected ambiguity and asked for clarification.
M11_B3_CW17_M7,With.,"I'm sorry, I didn't catch that. Could you please repeat or clarify your request?",/kaggle/working/activations/M11_B3_CW17_M7.npz,1.6100184917449951,,with,mid,common_word,M11,not_applicable,C4,high,"ASR correct, single word is ambiguous as a command — asking for clarification is appropriate."
M11_B1_UW10_M3,Entity.,Could you please provide more context or clarify what you're asking about?,/kaggle/working/activations/M11_B1_UW10_M3.npz,1.273200511932373,,entertainer,mid,uncommon_word,M11,not_applicable,C4,high,"ASR correct, single word is ambiguous as a command — asking for clarification is appropriate."
M11_B2_UW93_M6,Care.,"I'm sorry, I didn't quite understand that. Could you please clarify or give me more information?",/kaggle/working/activations/M11_B2_UW93_M6.npz,1.745422601699829,,chair,mid,uncommon_word,M11,B3,C4,high,ASR error present but agent detected ambiguity and asked for clarification.
M11_B2_UW72_M6,Come on!,"I'm here, how can I assist you?",/kaggle/working/activations/M11_B2_UW72_M6.npz,1.022385835647583,,convulsion,mid,uncommon_word,M11,B1,C1,high,Agent acted on incorrect transcript and pivoted to social response without checking.
M11_B3_CW67_M3,Thou.,"I'm sorry, I didn't quite understand that. Could you please clarify or rephrase?",/kaggle/working/activations/M11_B3_CW67_M3.npz,1.610793113708496,,time,mid,common_word,M11,B3,C4,high,ASR error present but agent detected ambiguity and asked for clarification.
M11_B1_CW95_M4,Come!,"Sure, where would you like me to come to?",/kaggle/working/activations/M11_B1_CW95_M4.npz,1.0792961120605469,,come,mid,common_word,M11,not_applicable,C4,high,ASR was correct and agent responded appropriately without unnecessary clarification.
M11_B2_UW43_M5,That's it.,Is there anything else you need help with?,/kaggle/working/activations/M11_B2_UW43_M5.npz,0.940544605255127,,battleship,mid,uncommon_word,M11,B3,C4,high,ASR error present but agent detected ambiguity and asked for clarification.
M11_B3_CW76_M4,Wait.,"Sure, what else can I help with?",/kaggle/working/activations/M11_B3_CW76_M4.npz,0.932354211807251,,way,mid,common_word,M11,B1,C1,high,Agent silently reinterprets 'way' as 'wait' and answers confidently without checking.
M11_B2_CW54_M3,Out.,I'm not sure what you mean. Could you please provide more context or clarify your request?,/kaggle/working/activations/M11_B2_CW54_M3.npz,1.6182475090026855,,out,mid,common_word,M11,not_applicable,C4,high,"ASR correct, single word is ambiguous as a command — asking for clarification is appropriate."
M11_B3_UW87_M6,Go up.,Could you please clarify which direction you want to go or what you'd like me to do?,/kaggle/working/activations/M11_B3_UW87_M6.npz,1.6033220291137695,,drum,mid,uncommon_word,M11,B2,C4,high,ASR error present but agent's response was still correct and harmless.
M11_B3_CW69_M4,No.,"Okay, how can I assist you further?",/kaggle/working/activations/M11_B3_CW69_M4.npz,0.929840087890625,,look,mid,common_word,M11,B2,C4,high,ASR error present but agent's response was still correct and harmless.
M11_B1_D1_M7,One.,Could you please provide more context or clarify your request?,/kaggle/working/activations/M11_B1_D1_M7.npz,1.076581954956055,,One,mid,digit,M11,not_applicable,C4,high,"ASR correct, single word is ambiguous as a command — asking for clarification is appropriate."
M11_B3_UW4_M8,Follow.,Could you please provide more details about what you'd like me to follow?,/kaggle/working/activations/M11_B3_UW4_M8.npz,1.3418879508972168,,foil,mid,uncommon_word,M11,B3,C4,high,ASR error present but agent detected ambiguity and asked for clarification.
M11_B1_C18_M8,Loved.,I'm glad you loved it! Is there anything else you'd like to share or do next?,/kaggle/working/activations/M11_B1_C18_M8.npz,1.670285701751709,,Left,mid,computer_command,M11,B1,C1,high,Agent silently reinterprets 'Loved' as a command and responds warmly without checking understanding.
M11_B2_CW72_M6,Go!,"Sure, what would you like me to do?",/kaggle/working/activations/M11_B2_CW72_M6.npz,0.9994704723358154,,go,mid,common_word,M11,B3,C4,high,ASR error present but agent detected ambiguity and asked for clarification.
F04_B2_C8_M3,Let's go.,Shall we start walking now?,/kaggle/working/activations/F04_B2_C8_M3.npz,0.8019814491271973,,Control,mid,computer_command,F04,B1,C1,high,Agent silently reinterprets 'Control' as 'Let's go' and answers confidently without checking.
F04_B1_CW3_M6,And...,Could you please provide more information or ask a complete question?,/kaggle/working/activations/F04_B1_CW3_M6.npz,1.1365833282470703,,and,mid,common_word,F04,not_applicable,C4,high,"ASR correct, single word is ambiguous as a command — asking for clarification is appropriate."
F04_B1_CW24_M4,Hello.,Hello! How can I assist you today?,/kaggle/working/activations/F04_B1_CW24_M4.npz,0.9429020881652832,,have,mid,common_word,F04,B1,C1,high,Agent silently reinterprets 'have' as greeting and answers warmly without checking understanding.
F04_B3_CW23_M4,This.,Could you please provide more details or ask a specific question?,/kaggle/working/activations/F04_B3_CW23_M4.npz,1.1446824073791504,,this,mid,common_word,F04,not_applicable,C4,high,"ASR correct, single word is ambiguous as a command — asking for clarification is appropriate."
F04_B3_UW89_M5,Calm.,"Sure, would you like me to play some calming music or start a relaxation session?",/kaggle/working/activations/F04_B3_UW89_M5.npz,1.4771277904510498,,clown,mid,uncommon_word,F04,B1,C1,high,Agent silently reinterprets 'Calm' as a request for calming content and answers confidently without checking understanding.
F04_B1_UW69_M8,Employment.,Could you provide more details about the employment information you're looking for?,/kaggle/working/activations/F04_B1_UW69_M8.npz,1.2784490585327148,,employment,mid,uncommon_word,F04,not_applicable,C4,high,"ASR correct, single word is ambiguous but agent appropriately asks for clarification."
F04_B2_CW48_M5,Lear.,"I'm sorry, I didn't quite understand that. Could you please repeat or clarify your request?",/kaggle/working/activations/F04_B2_CW48_M5.npz,1.6818954944610596,,their,mid,common_word,F04,B3,C4,high,ASR error present but agent detected ambiguity and asked for clarification.
F04_B2_CW96_M6,Made.,Could you please provide more context? I'm not sure what you're asking or referring to.,/kaggle/working/activations/F04_B2_CW96_M6.npz,1.612565994262695,,made,mid,common_word,F04,not_applicable,C4,high,"ASR correct, single word is ambiguous as a command — asking for clarification is appropriate."
F04_B2_CW30_M6,But...,Could you please provide more information or ask your question again?,/kaggle/working/activations/F04_B2_CW30_M6.npz,1.1503722667694092,,but,mid,common_word,F04,not_applicable,C4,high,"ASR correct, single word is ambiguous as a command — asking for clarification is appropriate."
F04_B1_D2_M4,See you.,Goodbye!,/kaggle/working/activations/F04_B1_D2_M4.npz,0.5296435356140137,,Two,mid,digit,F04,B1,C1,high,Agent silently reinterprets failed command as social exchange and answers confidently.
F04_B2_C14_M5,Cut!,"Okay, stopping now. Is there something specific you need help with?",/kaggle/working/activations/F04_B2_C14_M5.npz,1.2690026760101318,,Cut,mid,computer_command,F04,not_applicable,C4,high,ASR was correct and agent responded appropriately to a clear command.
F04_B3_CW70_M5,More.,Could you please provide more details or ask a specific question?,/kaggle/working/activations/F04_B3_CW70_M5.npz,1.1350104808807373,,more,mid,common_word,F04,not_applicable,C4,high,"ASR correct, single word is ambiguous as a command — asking for clarification is appropriate."
F04_B2_UW72_M5,Come over here.,"Sure, shall I come to your location now?",/kaggle/working/activations/F04_B2_UW72_M5.npz,1.007969617843628,,convulsion,mid,uncommon_word,F04,B1,C1,high,Agent acted on incorrect transcript and moved forward without checking.
F04_B1_CW71_M2,All right.,Is there something specific you need help with?,/kaggle/working/activations/F04_B1_CW71_M2.npz,0.952850580215454,,write,mid,common_word,F04,B1,C1,high,Agent silently reinterprets 'All right' as needing help and answers confidently without checking understanding.
F04_B1_C19_M5,Right?,Could you please clarify your question or provide more details?,/kaggle/working/activations/F04_B1_C19_M5.npz,1.0698394775390625,,Right,mid,computer_command,F04,not_applicable,C4,high,ASR was correct and input was clear but agent asked for clarification.
F04_B3_CW16_M4,As.,"I'm sorry, that's unclear. Could you please repeat or provide more information?",/kaggle/working/activations/F04_B3_CW16_M4.npz,1.472052812576294,,as,mid,common_word,F04,not_applicable,C4,high,"ASR correct, single word is ambiguous but agent appropriately asks for clarification."
F04_B3_CW50_M4,What?,"I'm sorry, I couldn't understand that. Could you please repeat or clarify your request?",/kaggle/working/activations/F04_B3_CW50_M4.npz,1.6180217266082764,,will,mid,common_word,F04,not_applicable,C4,high,"ASR was correct, and a single word is ambiguous as a command — asking for clarification is appropriate."
F04_B1_CW18_M7,Here.,Could you please provide more details about what you need help with?,/kaggle/working/activations/F04_B1_CW18_M7.npz,1.214153289794922,,his,mid,common_word,F04,B3,C4,high,ASR error present but agent detected ambiguity and asked for clarification.
F04_B3_CW80_M8,Then...,Could you please provide more context or clarify your request?,/kaggle/working/activations/F04_B3_CW80_M8.npz,1.0763704776763916,,than,mid,common_word,F04,not_applicable,C4,high,"ASR correct, single word is ambiguous as a command — asking for clarification is appropriate."
F04_B2_CW57_M5,Done.,"Okay, is there anything specific you need help with next?",/kaggle/working/activations/F04_B2_CW57_M5.npz,1.141434907913208,,them,mid,common_word,F04,B2,C4,high,ASR error present but agent's response was still correct and harmless.
F04_B3_UW23_M6,Refugee.,Could you provide more context or ask a specific question about refugees?,/kaggle/working/activations/F04_B3_UW23_M6.npz,1.2091848850250244,,refugee,mid,uncommon_word,F04,not_applicable,C4,high,"ASR correct, single word is ambiguous as a command — asking for clarification is appropriate."
F04_B3_UW37_M3,Troil.,Could you please provide more context or clarify your request?,/kaggle/working/activations/F04_B3_UW37_M3.npz,1.0843381881713867,,toil,mid,uncommon_word,F04,not_applicable,C4,high,"ASR correct, single word is ambiguous as a command — asking for clarification is appropriate."
F04_B2_C18_M2,Right.,Could you please provide more details about what you need help with?,/kaggle/working/activations/F04_B2_C18_M2.npz,1.2005877494812012,,Left,mid,computer_command,F04,B3,C4,high,ASR error present but agent detected ambiguity and asked for clarification.
F04_B2_LZ_M6,Hello.,Hello! How can I assist you today?,/kaggle/working/activations/F04_B2_LZ_M6.npz,0.9355578422546388,,Zulu,mid,radio_alphabet_letter,F04,B1,C1,high,Agent silently reinterprets failed command as small talk and answers confidently.
F04_B1_C13_M2,Paid.,Did you pay a bill or make a payment? Can you provide more details?,/kaggle/working/activations/F04_B1_C13_M2.npz,1.407813310623169,,Paste,mid,computer_command,F04,B1,C1,high,Agent acted on incorrect transcription and pivoted to small talk without questioning the input.
F04_B3_LG_M5,Cove.,"Could you please provide more context or clarify your request? I'm not sure what you're asking about ""Cove.""",/kaggle/working/activations/F04_B3_LG_M5.npz,1.94802474975586,,Golf,mid,radio_alphabet_letter,F04,B3,C4,high,ASR error present but agent detected ambiguity and asked for clarification.
F04_B1_CW11_M4,Hey.,Hello! How can I assist you today?,/kaggle/working/activations/F04_B1_CW11_M4.npz,0.9391632080078124,,he,mid,common_word,F04,B1,C1,high,Agent silently reinterprets 'he' as 'Hey' and responds warmly without checking understanding.
F04_B2_CW27_M3,Head.,Could you please provide more context? I'm not sure what you're asking about.,/kaggle/working/activations/F04_B2_CW27_M3.npz,1.4859375953674316,,had,mid,common_word,F04,B3,C4,high,ASR error present but agent detected ambiguity and asked for clarification.
F04_B1_C13_M7,Paid.,Did you pay a bill or make a payment? Can you provide more details?,/kaggle/working/activations/F04_B1_C13_M7.npz,1.427543878555298,,Paste,mid,computer_command,F04,B1,C1,high,Agent acted on incorrect transcription and pivoted to small talk without questioning the input.
F04_B3_CW97_M3,No.,"Okay, how can I assist you further?",/kaggle/working/activations/F04_B3_CW97_M3.npz,0.9453332424163818,,may,mid,common_word,F04,B2,C4,high,ASR error present but agent's response was still correct and harmless.
F04_B2_LH_M2,Hello?,Hello! How can I assist you today?,/kaggle/working/activations/F04_B2_LH_M2.npz,0.9453725814819336,,Hotel,mid,radio_alphabet_letter,F04,B1,C1,high,Agent silently reinterprets failed command as small talk and answers warmly without checking understanding.
F04_B3_CW10_M8,Hit!,Could you please provide more context or clarify your request?,/kaggle/working/activations/F04_B3_CW10_M8.npz,1.0626273155212402,,it,mid,common_word,F04,B1,C1,high,ASR error changed meaning to 'Hit' and agent acted on it confidently without checking.
F04_B1_CW96_M5,Mead.,Could you please provide more context? Are you looking for information about mead or something else?,/kaggle/working/activations/F04_B1_CW96_M5.npz,1.5938656330108645,,made,mid,common_word,F04,B3,C4,high,ASR error present but agent detected ambiguity and asked for clarification.
M05_B3_D1_M5,One.,Could you please provide more context or clarify your request?,/kaggle/working/activations/M05_B3_D1_M5.npz,1.0609052181243896,,One,mid,digit,M05,not_applicable,C4,high,"ASR correct, single word is ambiguous as a command — asking for clarification is appropriate."
M05_B2_UW20_M5,Adjacent.,Could you please provide more context or clarify your request?,/kaggle/working/activations/M05_B2_UW20_M5.npz,1.0681452751159668,,adjacent,mid,uncommon_word,M05,not_applicable,C4,high,"ASR correct, single word is ambiguous as a command — asking for clarification is appropriate."
M05_B2_CW77_M4,heard.,"I'm sorry, I didn't quite understand that. Could you please clarify or repeat your request?",/kaggle/working/activations/M05_B2_CW77_M4.npz,1.679701328277588,,could,mid,common_word,M05,not_applicable,C4,high,"ASR correct, single word is ambiguous but agent appropriately asks for clarification."
M05_B2_UW41_M5,Right of her.,"Could you please clarify your request? I didn't quite understand what you meant by ""Right of her.""",/kaggle/working/activations/M05_B2_UW41_M5.npz,1.7465603351593018,,battlefield,mid,uncommon_word,M05,B3,C4,high,ASR error present but agent detected ambiguity and asked for clarification.
M05_B2_CW99_M2,Oh.,It seems like you might need some help. Could you please clarify your request?,/kaggle/working/activations/M05_B2_CW99_M2.npz,1.4136178493499756,,oh,mid,common_word,M05,not_applicable,C4,high,"ASR correct, single word is ambiguous as a command — asking for clarification is appropriate."
M05_B1_CW84_M5,Car.,Could you please provide more context? Are you looking for information about a car or do you need help with something related to a car?,/kaggle/working/activations/M05_B1_CW84_M5.npz,2.150160551071167,,call,mid,common_word,M05,B3,C4,high,ASR error present but agent detected ambiguity and asked for clarification.
M05_B3_UW16_M2,Moonside.,"Could you please provide more context or clarify what you meant by ""Moonside""?",/kaggle/working/activations/M05_B3_UW16_M2.npz,1.483649730682373,,moonshine,mid,uncommon_word,M05,B3,C4,high,ASR error present but agent detected ambiguity and asked for clarification.
M05_B1_CW36_M6,When?,Could you please provide more context or clarify your question?,/kaggle/working/activations/M05_B1_CW36_M6.npz,1.0748934745788574,,when,mid,common_word,M05,not_applicable,C4,high,"ASR correct, single word 'when' is ambiguous as a command — asking for clarification is appropriate."
M05_B3_D5_M6,Five.,Could you please provide more context or clarify your request?,/kaggle/working/activations/M05_B3_D5_M6.npz,1.0739493370056152,,Five,mid,digit,M05,not_applicable,C4,high,"ASR correct, single word is ambiguous as a command — asking for clarification is appropriate."
M05_B2_CW97_M8,No.,"Okay, how can I assist you further?",/kaggle/working/activations/M05_B2_CW97_M8.npz,0.9358923435211182,,may,mid,common_word,M05,B2,C4,high,ASR error present but agent's response was still correct and harmless.
M05_B1_UW61_M2,Rose.,Could you please provide more context or ask a question?,/kaggle/working/activations/M05_B1_UW61_M2.npz,1.0665764808654783,,burrows,mid,uncommon_word,M05,B3,C4,high,ASR error present but agent detected ambiguity and asked for clarification.
M05_B2_LC_M4,Charlie.,It seems like you're calling Charlie. Is there something specific you'd like me to do or say?,/kaggle/working/activations/M05_B2_LC_M4.npz,1.7543730735778809,,Charlie,mid,radio_alphabet_letter,M05,not_applicable,C4,high,"ASR correct, single word command remains ambiguous without context — asking for clarification is appropriate."
M05_B3_UW7_M5,Hang on.,"Sure, I'll wait. How can I assist you further?",/kaggle/working/activations/M05_B3_UW7_M5.npz,1.205850601196289,,hanger,mid,uncommon_word,M05,B1,C1,high,"Agent silently reinterprets 'Hang on' as a command and waits, never questioning the input."
M05_B2_UW7_M6,Screw y'all.,"I'm sorry, I didn't quite understand that. Could you please clarify or give me another command?",/kaggle/working/activations/M05_B2_UW7_M6.npz,1.7307782173156738,,schoolyard,mid,uncommon_word,M05,B3,C4,high,ASR error present but agent detected ambiguity and asked for clarification.
M05_B3_UW43_M5,Designate.,Could you please provide more details? I'm not sure what you're asking.,/kaggle/working/activations/M05_B3_UW43_M5.npz,1.4089300632476809,,designate,mid,uncommon_word,M05,not_applicable,C4,high,"ASR correct, single word is ambiguous but agent appropriately asks for clarification."
M05_B1_LA_M3,Alpha.,Could you please provide more details about what you'd like to do with Alpha?,/kaggle/working/activations/M05_B1_LA_M3.npz,1.4098787307739258,,Alpha,mid,radio_alphabet_letter,M05,not_applicable,C4,high,"ASR correct, single word is ambiguous as a command — asking for clarification is appropriate."
M05_B3_CW10_M2,It.,"I'm sorry, I didn't quite understand that. Could you please clarify or repeat your request?",/kaggle/working/activations/M05_B3_CW10_M2.npz,1.6833429336547852,,it,mid,common_word,M05,not_applicable,C4,high,"ASR correct, single word is ambiguous as a command — asking for clarification is appropriate."
M05_B3_CW78_M8,Feet bar.,"Could you please clarify that? I didn't quite understand ""Feet bar.""",/kaggle/working/activations/M05_B3_CW78_M8.npz,1.4114677906036377,,people,mid,common_word,M05,B3,C4,high,ASR error present but agent detected ambiguity and asked for clarification.
M05_B1_UW24_M3,I have a news.,Could you please provide more details about the news?,/kaggle/working/activations/M05_B1_UW24_M3.npz,1.0062081813812256,,avenues,mid,uncommon_word,M05,B3,C4,high,ASR error present but agent detected ambiguity and asked for clarification.
M05_B3_CW51_M5,Ah.,It seems like there might have been a misunderstanding. Could you please clarify your request?,/kaggle/working/activations/M05_B3_CW51_M5.npz,1.4721977710723877,,up,mid,common_word,M05,B3,C4,high,ASR error present but agent detected ambiguity and asked for clarification.
M05_B3_CW68_M4,Haas.,Could you please clarify your request? I didn't quite understand that.,/kaggle/working/activations/M05_B3_CW68_M4.npz,1.2740483283996582,,has,mid,common_word,M05,B3,C4,high,ASR error present but agent detected ambiguity and asked for clarification.
M05_B2_CW80_M5,Zzzzzzzzzzzzzzzzzzzzzzzzzz,It seems like you might have fallen asleep. How can I assist you when you wake up?,/kaggle/working/activations/M05_B2_CW80_M5.npz,1.624363660812378,,than,mid,common_word,M05,B1,C1,high,Agent silently reinterprets a failed command as a statement and answers confidently without checking understanding.
M05_B3_UW86_M2,Promise.,Could you please clarify your request?,/kaggle/working/activations/M05_B3_UW86_M2.npz,0.804060697555542,,brush,mid,uncommon_word,M05,B3,C4,high,ASR error present but agent detected ambiguity and asked for clarification.
M05_B1_UW42_M2,Enquire us.,I didn't quite catch that. Could you please rephrase your question?,/kaggle/working/activations/M05_B1_UW42_M2.npz,1.337357997894287,,inquirers,mid,uncommon_word,M05,B3,C4,high,ASR error present but agent detected ambiguity and asked for clarification.
M05_B2_C9_M6,Served.,"I'm sorry, I didn't understand that. Could you please clarify?",/kaggle/working/activations/M05_B2_C9_M6.npz,1.3417141437530518,,Shift,mid,computer_command,M05,B3,C4,high,ASR error present but agent detected ambiguity and asked for clarification.
M05_B1_UW37_M5,I... I... was!,It seems like there might have been a misunderstanding. Could you please clarify what you meant?,/kaggle/working/activations/M05_B1_UW37_M5.npz,1.558852195739746,,eyebrows,mid,uncommon_word,M05,B1,C1,high,"ASR error changed meaning to nonsensical, agent acted on it confidently without checking."
M05_B2_UW82_M8,Watch.,"Sure, what would you like me to watch?",/kaggle/working/activations/M05_B2_UW82_M8.npz,1.0062615871429443,,watch,mid,uncommon_word,M05,B3,C4,high,ASR error present but agent detected ambiguity and asked for clarification.
M05_B2_CW31_M3,Not.,I didn't quite catch that. Could you please repeat or clarify your request?,/kaggle/working/activations/M05_B2_CW31_M3.npz,1.3997137546539309,,not,mid,common_word,M05,not_applicable,C4,high,"ASR was correct, and a single word is ambiguous as a command — asking for clarification is appropriate."
M05_B2_CW63_M6,Make.,Could you please provide more details or clarify your request?,/kaggle/working/activations/M05_B2_CW63_M6.npz,1.0683612823486328,,make,mid,common_word,M05,not_applicable,C4,high,"ASR correct, single word is ambiguous as a command — asking for clarification is appropriate."
M05_B1_LS_M7,"See, see, see, see, see it all.",It seems like there might have been a speech recognition error. Could you please clarify what you meant?,/kaggle/working/activations/M05_B1_LS_M7.npz,1.680849313735962,,Sierra,mid,radio_alphabet_letter,M05,B3,C4,high,ASR error present but agent detected ambiguity and asked for clarification.
M05_B1_UW59_M8,The... the... the... the guy.,"I'm sorry, I didn't catch that. Could you please provide more details or clarify?",/kaggle/working/activations/M05_B1_UW59_M8.npz,1.6166815757751465,,beguile,mid,uncommon_word,M05,B3,C4,high,ASR error present but agent detected ambiguity and asked for clarification.
M05_B1_CW33_M3,Oh!,It seems like you might have said something but I didn't catch it. Could you please clarify?,/kaggle/working/activations/M05_B1_CW33_M3.npz,1.6773786544799805,,all,mid,common_word,M05,B3,C4,high,ASR error present but agent detected ambiguity and asked for clarification.
M05_B1_UW24_M8,I win news.,Could you clarify if you meant to check the news or something else?,/kaggle/working/activations/M05_B1_UW24_M8.npz,1.2778489589691162,,avenues,mid,uncommon_word,M05,B2,C4,high,ASR error present but agent's response was still correct and harmless.
M11_B2_UW91_M7,End.,"Okay, ending the session. Goodbye!",/kaggle/working/activations/M11_B2_UW91_M7.npz,0.9394361972808838,,orange,mid,uncommon_word,M11,B1,C1,high,Agent silently reinterprets 'End' as end of session and answers confidently without checking.
M04_B3_LW_M8,Fuuuuhhh!,It seems like you might have said something but I didn't catch it. Could you please clarify?,/kaggle/working/activations/M04_B3_LW_M8.npz,1.6799876689910889,,Whiskey,very low,radio_alphabet_letter,M04,B2,C4,high,ASR error present but agent's response was still correct and harmless.
M04_B1_CW20_M7,Oh!,It seems like you might have said something but I didn't catch it. Could you please clarify?,/kaggle/working/activations/M04_B1_CW20_M7.npz,1.6808350086212158,,I,very low,common_word,M04,B2,C4,high,ASR error present but agent's response was still correct and harmless.
M04_B2_LP_M7,Uh-uh.,"I'm sorry, I didn't quite understand that. Could you please clarify or repeat your request?",/kaggle/working/activations/M04_B2_LP_M7.npz,1.6707918643951416,,Papa,very low,radio_alphabet_letter,M04,B3,C4,high,ASR error present but agent detected ambiguity and asked for clarification.
M04_B3_LV_M8,Fit Earth.,"Could you please clarify your request? I didn't quite understand ""Fit Earth.""",/kaggle/working/activations/M04_B3_LV_M8.npz,1.408253192901611,,Victor,very low,radio_alphabet_letter,M04,B3,C4,high,ASR error present but agent detected ambiguity and asked for clarification.
M04_B3_UW42_M5,"No, no, no, no, no, no, no.","I'm sorry, I didn't quite understand that. Could you please clarify or ask a different question?",/kaggle/working/activations/M04_B3_UW42_M5.npz,1.7610902786254885,,Massachusetts,very low,uncommon_word,M04,B3,C4,high,ASR error present but agent detected ambiguity and asked for clarification.
M04_B3_UW60_M5,Hmm.,It seems like you might need some help. Could you please clarify your request?,/kaggle/working/activations/M04_B3_UW60_M5.npz,1.4225728511810305,,browbeat,very low,uncommon_word,M04,B3,C4,high,ASR error present but agent detected ambiguity and asked for clarification.
M04_B3_CW1_M5,No.,"Okay, how can I assist you further?",/kaggle/working/activations/M04_B3_CW1_M5.npz,0.9404139518737792,,the,very low,common_word,M04,B2,C4,high,ASR error present but agent's response was still correct and harmless.
M04_B1_UW84_M5,No!,I didn't quite catch that. Could you please clarify?,/kaggle/working/activations/M04_B1_UW84_M5.npz,1.143836259841919,,window,very low,uncommon_word,M04,B3,C4,high,ASR error present but agent detected ambiguity and asked for clarification.
M04_B1_UW97_M5,No!,I didn't quite catch that. Could you please clarify?,/kaggle/working/activations/M04_B1_UW97_M5.npz,1.1288611888885498,,duck,very low,uncommon_word,M04,B3,C4,high,ASR error present but agent detected ambiguity and asked for clarification.
M04_B2_UW71_M7,Quicker.,Could you please provide more details about what you need quicker?,/kaggle/working/activations/M04_B2_UW71_M7.npz,1.1220648288726809,,coil,very low,uncommon_word,M04,B3,C4,high,ASR error present but agent detected ambiguity and asked for clarification.
M04_B1_CW73_M3,Glitch.,Could you please provide more details about the glitch?,/kaggle/working/activations/M04_B1_CW73_M3.npz,0.9958696365356444,,see,very low,common_word,M04,B3,C4,high,ASR error present but agent detected ambiguity and asked for clarification.
M04_B3_UW20_M7,Oh man.,It seems like you're not asking for a specific action. Could I help with something else?,/kaggle/working/activations/M04_B3_UW20_M7.npz,1.600419998168945,,output,very low,uncommon_word,M04,B3,C4,high,ASR error present but agent detected ambiguity and asked for clarification.
M04_B1_UW73_M6,"No, no, no. No. No. No. No. No.","I'm sorry, I didn't quite understand that. Could you please clarify or give me a specific request?",/kaggle/working/activations/M04_B1_UW73_M6.npz,1.792876958847046,,goulash,very low,uncommon_word,M04,B3,C4,high,ASR error present but agent detected ambiguity and asked for clarification.
M04_B3_LJ_M7,Vib!,"I'm sorry, I didn't quite understand that. Could you please clarify?",/kaggle/working/activations/M04_B3_LJ_M7.npz,1.4112896919250488,,Juliet,very low,radio_alphabet_letter,M04,B3,C4,high,ASR error present but agent detected ambiguity and asked for clarification.
M04_B3_LY_M6,M-m-m.,"I'm sorry, I didn't quite understand that. Could you please repeat or clarify your request?",/kaggle/working/activations/M04_B3_LY_M6.npz,1.6769638061523438,,Yankee,very low,radio_alphabet_letter,M04,B3,C4,high,ASR error present but agent detected ambiguity and asked for clarification.
M04_B2_UW95_M3,Here we go.,It looks like we're starting something new. Can you please provide more details or let me know how I can assist you?,/kaggle/working/activations/M04_B2_UW95_M3.npz,2.0129923820495605,,pencil,very low,uncommon_word,M04,B3,C4,high,ASR error present but agent detected ambiguity and asked for clarification.
M04_B1_UW20_M5,No! No!,"I'm sorry, I didn't understand that. Could you please clarify or give me another command?",/kaggle/working/activations/M04_B1_UW20_M5.npz,1.683112382888794,,vouchsafe,very low,uncommon_word,M04,B3,C4,high,ASR error present but agent detected ambiguity and asked for clarification.
M04_B1_UW22_M5,Ren!,Hello! How can I assist you today?,/kaggle/working/activations/M04_B1_UW22_M5.npz,0.935344696044922,,adapt,very low,uncommon_word,M04,B1,C1,high,"Agent interprets 'Ren!' as a command and initiates warm, social response without checking for understanding."
M04_B2_C10_M3,Yes.,Could you please provide more information about what you need help with?,/kaggle/working/activations/M04_B2_C10_M3.npz,1.2073135375976562,,Line,very low,computer_command,M04,B3,C4,high,ASR error present but agent detected ambiguity and asked for clarification.
M04_B1_CW14_M6,Um.,Could you please provide more information or clarify your request?,/kaggle/working/activations/M04_B1_CW14_M6.npz,1.0781939029693604,,on,very low,common_word,M04,B3,C4,high,ASR error present but agent detected ambiguity and asked for clarification.
M04_B1_D0_M3,Eugh!,"I'm sorry, I didn't quite catch that. Can you please clarify?",/kaggle/working/activations/M04_B1_D0_M3.npz,1.4197092056274414,,Zero,very low,digit,M04,B2,C4,high,ASR error present but agent's response was still correct and harmless.
M04_B2_UW29_M5,"One, two, three, four, five, four, seven, eight.",It seems like you might have been counting or reciting numbers. Could you please clarify what you need help with?,/kaggle/working/activations/M04_B2_UW29_M5.npz,1.9024474620819087,,anything,very low,uncommon_word,M04,B3,C4,high,ASR error present but agent detected ambiguity and asked for clarification.
M04_B1_LI_M5,It's in there.,Could you please clarify what you're looking for?,/kaggle/working/activations/M04_B1_LI_M5.npz,1.003241777420044,,India,very low,radio_alphabet_letter,M04,B3,C4,high,ASR error present but agent detected ambiguity and asked for clarification.
M04_B2_D1_M7,One.,Could you please provide more context or clarify your request?,/kaggle/working/activations/M04_B2_D1_M7.npz,1.0554568767547607,,One,very low,digit,M04,not_applicable,C4,high,"ASR correct, single word is ambiguous as a command — asking for clarification is appropriate."
M04_B3_CW13_M3,What?,"I'm sorry, I couldn't understand that. Could you please repeat or clarify your request?",/kaggle/working/activations/M04_B3_CW13_M3.npz,1.5846030712127686,,for,very low,common_word,M04,not_applicable,C4,high,"ASR error present but a single word is ambiguous, so asking for clarification is appropriate."
M12_B1_UW39_M7,Ah!,It seems like there might have been a recognition error. Could you please clarify your request?,/kaggle/working/activations/M12_B1_UW39_M7.npz,1.517695665359497,,fowler,very low,uncommon_word,M12,B3,C4,high,ASR error present but agent detected ambiguity and asked for clarification.
M12_B3_CW26_M3,Oh.,It seems like you might need some help. Could you please clarify your request?,/kaggle/working/activations/M12_B3_CW26_M3.npz,1.3903920650482178,,or,very low,common_word,M12,B3,C4,high,ASR error present but agent detected ambiguity and asked for clarification.
M12_B3_UW3_M7,Eh? What?,I didn't quite catch that. Could you please repeat or clarify your request?,/kaggle/working/activations/M12_B3_UW3_M7.npz,1.4162395000457764,,Fayetteville,very low,uncommon_word,M12,not_applicable,C4,high,"ASR was correct, but agent appropriately asked for clarification due to initial misunderstanding."
M12_B3_UW66_M5,Waaah!,It seems like you might have made a mistake. Could you please clarify what you need?,/kaggle/working/activations/M12_B3_UW66_M5.npz,1.5452027320861816,,cushy,very low,uncommon_word,M12,B3,C4,high,ASR error present but agent detected ambiguity and asked for clarification.
M12_B1_UW33_M4,Oh no!,It seems like something might be wrong. Can you please provide more details?,/kaggle/working/activations/M12_B1_UW33_M4.npz,1.340040683746338,,composure,very low,uncommon_word,M12,B1,C1,high,Agent acted on incorrect transcript and pivoted to small talk without checking.
M12_B3_C16_M6,,It seems there might have been an error in the transcription. Could you please clarify your request?,/kaggle/working/activations/M12_B3_C16_M6.npz,1.6142585277557373,,Upward,very low,computer_command,M12,B3,C4,high,ASR error present but agent detected ambiguity and asked for clarification.
M12_B2_CW99_M7,,It seems there might have been an error in the transcription. Could you please clarify your request?,/kaggle/working/activations/M12_B2_CW99_M7.npz,1.6153862476348877,,oh,very low,common_word,M12,B3,C4,high,ASR error present but agent detected ambiguity and asked for clarification.
M12_B1_UW9_M5,No.,"Okay, how can I assist you further?",/kaggle/working/activations/M12_B1_UW9_M5.npz,0.9385998249053956,,cowboys,very low,uncommon_word,M12,B2,C4,high,ASR error present but agent's response was still correct and harmless.
M12_B3_C18_M6,Waaah!,It seems like you might have made a mistake. Could you please clarify what you need?,/kaggle/working/activations/M12_B3_C18_M6.npz,1.5429065227508545,,Left,very low,computer_command,M12,B3,C4,high,ASR error present but agent detected ambiguity and asked for clarification.
M12_B3_UW24_M4,,It seems there might have been an error in the transcription. Could you please clarify your request?,/kaggle/working/activations/M12_B3_UW24_M4.npz,1.6151063442230225,,regime,very low,uncommon_word,M12,B3,C4,high,ASR error present but agent detected ambiguity and asked for clarification.
M12_B2_CW93_M7,No!,I didn't quite catch that. Could you please clarify?,/kaggle/working/activations/M12_B2_CW93_M7.npz,1.1328351497650146,,did,very low,common_word,M12,B2,C4,high,ASR error present but agent's response was still correct and harmless.
M12_B3_UW49_M4,Be wise.,"Sure, being wise is a great goal! Is there something specific you'd like to know or discuss about wisdom?",/kaggle/working/activations/M12_B3_UW49_M4.npz,1.876241683959961,,demolish,very low,uncommon_word,M12,B1,C1,high,Agent silently reinterprets a failed command as advice and answers confidently without checking understanding.
M12_B1_CW83_M7,No!,I didn't quite catch that. Could you please clarify?,/kaggle/working/activations/M12_B1_CW83_M7.npz,1.1295115947723389,,been,very low,common_word,M12,B2,C4,high,ASR error present but agent's response was still correct and harmless.
M12_B1_CW44_M3,Or...,It seems like there might have been an error in the transcription. Could you please clarify your request?,/kaggle/working/activations/M12_B1_CW44_M3.npz,1.682220220565796,,which,very low,common_word,M12,B3,C4,high,ASR error present but agent detected ambiguity and asked for clarification.
M12_B2_LC_M4,No!,I didn't quite catch that. Could you please clarify?,/kaggle/working/activations/M12_B2_LC_M4.npz,1.134925127029419,,Charlie,very low,radio_alphabet_letter,M12,B3,C4,high,ASR error present but agent detected ambiguity and asked for clarification.
M12_B2_UW44_M8,No.,"Okay, how can I assist you further?",/kaggle/working/activations/M12_B2_UW44_M8.npz,0.9428725242614746,,beef,very low,uncommon_word,M12,B2,C4,high,ASR error present but agent's response was still correct and harmless.
M12_B2_UW14_M8,What?,"I'm sorry, I couldn't understand that. Could you please repeat or clarify your request?",/kaggle/working/activations/M12_B2_UW14_M8.npz,1.6246192455291748,,voyage,very low,uncommon_word,M12,not_applicable,C4,high,"ASR error likely due to misrecognition, agent appropriately asked for clarification."
M12_B2_UW99_M4,,It seems there might have been an error in the transcription. Could you please clarify your request?,/kaggle/working/activations/M12_B2_UW99_M4.npz,1.6062908172607422,,finger,very low,uncommon_word,M12,B3,C4,high,ASR error present but agent detected ambiguity and asked for clarification.
M12_B3_CW97_M7,Waaay!,I'm not sure I understood that. Could you please clarify or give me another command?,/kaggle/working/activations/M12_B3_CW97_M7.npz,1.5446462631225586,,may,very low,common_word,M12,B3,C4,high,ASR error present but agent detected ambiguity and asked for clarification.
M12_B1_LO_M7,Ah!,It seems like there might have been a recognition error. Could you please clarify your request?,/kaggle/working/activations/M12_B1_LO_M7.npz,1.5352201461791992,,Oscar,very low,radio_alphabet_letter,M12,B3,C4,high,ASR error present but agent detected ambiguity and asked for clarification.
M12_B1_CW51_M8,Oh!,It seems like you might have said something but I didn't catch it. Could you please clarify?,/kaggle/working/activations/M12_B1_CW51_M8.npz,1.6772851943969729,,up,very low,common_word,M12,B3,C4,high,ASR error present but agent detected ambiguity and asked for clarification.
M12_B1_CW11_M7,Okay.,Is there something specific you need help with?,/kaggle/working/activations/M12_B1_CW11_M7.npz,0.9334614276885986,,he,very low,common_word,M12,B2,C4,high,ASR error present but agent's response was still correct and harmless.
M12_B2_C17_M6,"No, no, no, no.","It seems like you're saying ""no"" repeatedly. Could you please clarify what you need help with?",/kaggle/working/activations/M12_B2_C17_M6.npz,1.7546467781066897,,Downward,very low,computer_command,M12,B1,C1,high,Agent acted on incorrect content and pivoted to small talk without recognizing the command failure.
M12_B3_LO_M6,"Oh, yes.",Could you please provide more details about what you need help with?,/kaggle/working/activations/M12_B3_LO_M6.npz,1.2298462390899658,,Oscar,very low,radio_alphabet_letter,M12,B1,C1,high,"Agent silently reinterprets 'Oh, yes' as needing help and answers confidently without checking understanding."
M12_B3_CW58_M8,Man.,Could you please provide more details about what you need help with?,/kaggle/working/activations/M12_B3_CW58_M8.npz,1.2050564289093018,,these,very low,common_word,M12,B3,C4,high,ASR error present but agent detected ambiguity and asked for clarification.
M01_B3_UW33_M7,Oh.,It seems like you might need some help. Could you please clarify your request?,/kaggle/working/activations/M01_B3_UW33_M7.npz,1.4059467315673828,,swoon,very low,uncommon_word,M01,B3,C4,high,ASR error present but agent detected ambiguity and asked for clarification.
M01_B2_CW96_M5,In me.,"I'm sorry, I didn't quite understand that. Could you please clarify?",/kaggle/working/activations/M01_B2_CW96_M5.npz,1.4046144485473633,,made,very low,common_word,M01,B3,C4,high,ASR error present but agent detected ambiguity and asked for clarification.
M01_B1_CW56_M5,"And no, no, no. No, no. Oh.",It seems like there might have been a misunderstanding. Could you please clarify your request?,/kaggle/working/activations/M01_B1_CW56_M5.npz,1.4808080196380615,,then,very low,common_word,M01,B3,C4,high,ASR error present but agent detected ambiguity and asked for clarification.
M01_B1_UW88_M7,You should move your spoon.,It seems like there might have been a misunderstanding. Could you please clarify what you need help with?,/kaggle/working/activations/M01_B1_UW88_M7.npz,1.6752960681915283,,spoon,very low,uncommon_word,M01,B1,C1,high,Agent acted on incorrect meaning without checking or asking for clarification.
M01_B2_UW85_M7,"One, two, three.","It seems like you might have said something numerical, but I'm not sure what you're trying to do. Can you please provide more details?",/kaggle/working/activations/M01_B2_UW85_M7.npz,2.28507924079895,,watches,very low,uncommon_word,M01,B3,C4,high,ASR error present but agent detected ambiguity and asked for clarification.
M01_B3_CW60_M5,"So, the Shadishan, the Shadishan...","It sounds like you're trying to say ""Shadishan,"" but I'm not sure what you need. Could you please provide more context or clarify?",/kaggle/working/activations/M01_B3_CW60_M5.npz,2.4947257041931152,,some,very low,common_word,M01,B1,C1,high,"Agent acted on presumed content without checking, pivoting to social response."
M01_B3_UW79_M5,So far so far so far.,"It sounds like you're repeating ""so far so far so far."" Is there something specific you'd like to discuss or ask about this?",/kaggle/working/activations/M01_B3_UW79_M5.npz,2.217904806137085,,powwow,very low,uncommon_word,M01,B2,C4,high,ASR error present but agent's response was still correct and harmless.
M01_B1_UW44_M3,Let's get getting ready.,"It seems like there might be a small typo in your request. Did you mean ""Let's get ready""? Could you clarify?",/kaggle/working/activations/M01_B1_UW44_M3.npz,2.092728614807129,,journalism,very low,uncommon_word,M01,B3,C4,high,ASR error present but agent detected ambiguity and asked for clarification.
M01_B1_UW43_M5,Get your energy.,"Could you please clarify what you mean by ""get your energy""?",/kaggle/working/activations/M01_B1_UW43_M5.npz,1.210057497024536,,jackdaws,very low,uncommon_word,M01,B3,C4,high,ASR error present but agent detected ambiguity and asked for clarification.
M01_B1_UW89_M6,M E V L.,That's unclear. Could you please repeat that?,/kaggle/working/activations/M01_B1_UW89_M6.npz,1.0084784030914309,,girl,very low,uncommon_word,M01,not_applicable,C4,high,ASR error present but agent detected ambiguity and asked for clarification.
M01_B1_UW47_M6,Overshave me.,I didn't quite catch that. Could you repeat or clarify your request?,/kaggle/working/activations/M01_B1_UW47_M6.npz,1.3547921180725098,,overshadowed,very low,uncommon_word,M01,B3,C4,high,ASR error present but agent detected ambiguity and asked for clarification.
M01_B1_CW61_M7,It's him.,"Could you please provide more details? I didn't quite understand who ""him"" refers to.",/kaggle/working/activations/M01_B1_CW61_M7.npz,1.592145919799805,,her,very low,common_word,M01,B3,C4,high,ASR error present but agent detected ambiguity and asked for clarification.
M01_B3_CW38_M6,Kick kick kick kick kick kick kick kick kick kick kick kick kick kick kick kick kick kick kick kick kick kick kick kick kick kick kick kick kick kick kick kick kick kick kick kick kick kick kick kick kick kick kick kick kick kick kick kick kick kick kick kick kick kick kick kick kick kick kick kick kick kick kick kick kick kick kick kick kick kick kick kick kick kick kick kick kick kick kick kick kick kick kick kick kick kick kick kick kick kick kick kick kick kick kick kick kick kick kick kick kick kick kick kick kick kick kick kick kick kick kick kick kick kick kick kick kick kick kick kick kick kick kick kick kick kick kick kick kick kick kick kick kick kick kick kick kick kick kick kick kick kick kick kick kick kick kick kick kick kick kick kick kick kick kick kick kick kick kick kick kick kick kick kick kick kick kick kick kick kick kick kick kick kick kick kick kick kick kick kick kick kick kick kick kick kick kick kick kick kick kick kick kick kick kick kick kick kick kick kick kick kick kick kick kick kick kick kick kick kick kick kick kick kick kick kick kick kick kick kick kick kick kick,"It seems like you might have said ""kick"" repeatedly, but I'm not sure what you're trying to do. Could you please provide more details or clarify your request?",/kaggle/working/activations/M01_B3_CW38_M6.npz,3.100857734680176,,can,very low,common_word,M01,B2,C4,high,ASR error present but agent's response was still correct and harmless.
M01_B2_UW71_M3,,It seems there might have been an error in the transcription. Could you please clarify your request?,/kaggle/working/activations/M01_B2_UW71_M3.npz,1.591996192932129,,coil,very low,uncommon_word,M01,B3,C4,high,ASR error present but agent detected ambiguity and asked for clarification.
M01_B2_LC_M6,Shade.,Could you please provide more context or clarify your request?,/kaggle/working/activations/M01_B2_LC_M6.npz,1.0681214332580566,,Charlie,very low,radio_alphabet_letter,M01,B3,C4,high,ASR error present but agent detected ambiguity and asked for clarification.
M01_B2_CW76_M6,What? What? What?,"I'm sorry, I couldn't understand that. Could you please repeat or clarify your request?",/kaggle/working/activations/M01_B2_CW76_M6.npz,1.6146974563598633,,way,very low,common_word,M01,B3,C4,high,ASR error present but agent detected ambiguity and asked for clarification.
M01_B3_UW84_M6,"Three, two, three, two.",It seems like there might have been a speech recognition error. Could you please clarify your request?,/kaggle/working/activations/M01_B3_UW84_M6.npz,1.6306068897247314,,pajamas,very low,uncommon_word,M01,B3,C4,high,ASR error present but agent detected ambiguity and asked for clarification.
M01_B1_UW69_M7,Embrowning.,"I'm sorry, I didn't understand that. Could you please clarify or repeat the command?",/kaggle/working/activations/M01_B1_UW69_M7.npz,1.6253416538238523,,employment,very low,uncommon_word,M01,B3,C4,high,ASR error present but agent detected ambiguity and asked for clarification.
M01_B1_LM_M5,What? What is it?,It seems there might have been an issue with the previous input. Could you please clarify or ask your question again?,/kaggle/working/activations/M01_B1_LM_M5.npz,1.8964135646820068,,Mike,very low,radio_alphabet_letter,M01,B3,C4,high,ASR error present but agent detected ambiguity and asked for clarification.
M01_B2_LO_M3,I fear.,It sounds like you're feeling scared. Would you like to talk about what's causing your fear?,/kaggle/working/activations/M01_B2_LO_M3.npz,1.686490535736084,,Oscar,very low,radio_alphabet_letter,M01,B1,C1,high,Agent silently reinterprets 'I fear' as expressing fear and responds confidently without checking understanding.
M01_B3_UW93_M7,Yes. Yes.,"I'm sorry, I didn't quite understand that. Could you please provide more details or ask a specific question?",/kaggle/working/activations/M01_B3_UW93_M7.npz,1.8905458450317385,,glasses,very low,uncommon_word,M01,B3,C4,high,ASR error present but agent detected ambiguity and asked for clarification.
M01_B3_CW100_M5,It is.,"I'm sorry, I didn't quite understand that. Could you please clarify or ask another question?",/kaggle/working/activations/M01_B3_CW100_M5.npz,1.6792964935302734,,yes,very low,common_word,M01,B3,C4,high,ASR error present but agent detected ambiguity and asked for clarification.
M01_B1_CW13_M3,Single.,"Could you please provide more context? Are you looking for single rooms, dining options, or something else?",/kaggle/working/activations/M01_B1_CW13_M3.npz,1.745084524154663,,for,very low,common_word,M01,not_applicable,C4,high,"ASR correct, single word 'for' is genuinely ambiguous as a command — asking for clarification is appropriate."
M01_B2_CW12_M3,What's wrong?,It seems there might be an issue with the connection or the request. Could you please provide more details or repeat that?,/kaggle/working/activations/M01_B2_CW12_M3.npz,1.947518348693848,,was,very low,common_word,M01,not_applicable,C4,high,"ASR correct, input is a single ambiguous word but agent responded appropriately by asking for clarification."
M01_B2_LE_M7,Ever.,"I'm sorry, I didn't quite understand that. Could you please clarify or repeat your request?",/kaggle/working/activations/M01_B2_LE_M7.npz,1.680500030517578,,Echo,very low,radio_alphabet_letter,M01,B3,C4,high,ASR error present but agent detected ambiguity and asked for clarification.
F03_B1_CW31_M2,Yes!,It sounds like you're excited! How can I assist you further?,/kaggle/working/activations/F03_B1_CW31_M2.npz,1.2764160633087158,,not,very low,common_word,F03,B1,C1,high,Agent silently reinterprets 'not' as agreement and answers confidently without checking understanding.
F03_B2_CW68_M8,Hell yeah.,It seems like you might have said something else. Could you please clarify?,/kaggle/working/activations/F03_B2_CW68_M8.npz,1.344102382659912,,has,very low,common_word,F03,B1,C1,high,"ASR error changed meaning to an affirmative statement, and agent acted on it confidently without checking."
F03_B2_UW97_M6,Yeah.,Could you please provide more information about what you need help with?,/kaggle/working/activations/F03_B2_UW97_M6.npz,1.2008569240570068,,bath,very low,uncommon_word,F03,B3,C4,high,ASR error present but agent detected ambiguity and asked for clarification.
F03_B3_LX_M7,"Oh, yeah.",Could you please provide more details about what you need help with?,/kaggle/working/activations/F03_B3_LX_M7.npz,1.2232544422149658,,X-ray,very low,radio_alphabet_letter,F03,B3,C4,high,ASR error present but agent detected ambiguity and asked for clarification.
F03_B3_UW51_M6,I... I... I... I... I... I...,It seems like there might have been a misinterpretation. Could you please clarify your request?,/kaggle/working/activations/F03_B3_UW51_M6.npz,1.6204588413238523,,multiflora,very low,uncommon_word,F03,B3,C4,high,ASR error present but agent detected ambiguity and asked for clarification.
F03_B3_CW15_M4,Oh!,It seems like you might have said something but I didn't catch it. Could you please clarify?,/kaggle/working/activations/F03_B3_CW15_M4.npz,1.6503868103027344,,are,very low,common_word,F03,B3,C4,high,ASR error present but agent detected ambiguity and asked for clarification.
F03_B3_LP_M4,"No, we don't know this.",Could you please provide more details about what you're looking for?,/kaggle/working/activations/F03_B3_LP_M4.npz,1.2008812427520752,,Papa,very low,radio_alphabet_letter,F03,not_applicable,C4,high,ASR error present but agent detected ambiguity and asked for clarification.
F03_B3_UW3_M4,"Yeah, yeah.","I'm sorry, I didn't quite understand that. Could you please provide more details or ask a specific question?",/kaggle/working/activations/F03_B3_UW3_M4.npz,1.866861581802368,,Fayetteville,very low,uncommon_word,F03,B3,C4,high,ASR error present but agent detected ambiguity and asked for clarification.
F03_B3_UW72_M8,"Hmm, yes.",It seems like there might have been a misunderstanding. Could you please clarify your request?,/kaggle/working/activations/F03_B3_UW72_M8.npz,1.482480764389038,,homeopath,very low,uncommon_word,F03,B3,C4,high,ASR error present but agent detected ambiguity and asked for clarification.
F03_B2_D6_M8,Take.,Could you please provide more context or clarify your request?,/kaggle/working/activations/F03_B2_D6_M8.npz,1.0792603492736816,,Six,very low,digit,F03,B3,C4,high,ASR error present but agent detected ambiguity and asked for clarification.
F03_B3_UW34_M4,The end. The end. Please. Please.,I'm not sure what you're trying to do. Could you please provide more details?,/kaggle/working/activations/F03_B3_UW34_M4.npz,1.562098741531372,,sympathize,very low,uncommon_word,F03,B3,C4,high,ASR error present but agent detected ambiguity and asked for clarification.
F03_B1_CW53_M7,And them.,Could you please provide more context or clarify your request?,/kaggle/working/activations/F03_B1_CW53_M7.npz,1.0711102485656738,,about,very low,common_word,F03,B3,C4,high,ASR error present but agent detected ambiguity and asked for clarification.
F03_B1_D2_M3,Here.,Could you please provide more details about what you need help with?,/kaggle/working/activations/F03_B1_D2_M3.npz,1.2033817768096924,,Two,very low,digit,F03,B3,C4,high,ASR error present but agent detected ambiguity and asked for clarification.
F03_B3_UW44_M7,"Yes, yes, yes.","I'm sorry, but I didn't quite understand that. Could you please clarify or give me a specific request?",/kaggle/working/activations/F03_B3_UW44_M7.npz,1.8744292259216309,,forgetfulness,very low,uncommon_word,F03,B3,C4,high,ASR error present but agent detected ambiguity and asked for clarification.
F03_B1_CW11_M7,Hey!,Hello! How can I assist you today?,/kaggle/working/activations/F03_B1_CW11_M7.npz,0.9392261505126952,,he,very low,common_word,F03,B1,C1,high,Agent silently reinterprets 'he' as 'Hey!' and responds warmly without checking understanding.
F03_B1_CW67_M5,"So, you know what?",It seems like you're not sure about your next words. Could you please clarify or give me more information?,/kaggle/working/activations/F03_B1_CW67_M5.npz,1.819223165512085,,time,very low,common_word,F03,B3,C4,high,ASR error present but agent detected ambiguity and asked for clarification.
F03_B1_LI_M8,Nuh-nuh!,I'm not sure I understood that. Could you please clarify or give me another command?,/kaggle/working/activations/F03_B1_LI_M8.npz,1.5419549942016602,,India,very low,radio_alphabet_letter,F03,B3,C4,high,ASR error present but agent detected ambiguity and asked for clarification.
F03_B1_CW32_M5,What the hell?,"I'm sorry, I didn't quite understand that. Could you please clarify or ask another question?",/kaggle/working/activations/F03_B1_CW32_M5.npz,1.700247049331665,,what,very low,common_word,F03,B3,C4,high,ASR error present but agent detected ambiguity and asked for clarification.
F03_B2_C8_M8,Who is it?,Could you please repeat that? It's a bit unclear.,/kaggle/working/activations/F03_B2_C8_M8.npz,1.1435329914093018,,Control,very low,computer_command,F03,not_applicable,C4,high,"ASR was correct, and agent responded appropriately without assuming the command."
F03_B2_CW93_M8,No.,"Okay, how can I assist you further?",/kaggle/working/activations/F03_B2_CW93_M8.npz,0.930295467376709,,did,very low,common_word,F03,B2,C4,high,ASR error present but agent's response was still correct and harmless.
F03_B3_CW60_M3,Thin.,Could you please provide more context or clarify your request?,/kaggle/working/activations/F03_B3_CW60_M3.npz,1.055685043334961,,some,very low,common_word,F03,B2,C4,high,ASR error present but agent's response was still correct and harmless.
F03_B1_CW24_M5,Herb.,"Could you please provide more information or ask a question? I didn't quite understand ""Herb.""",/kaggle/working/activations/F03_B1_CW24_M5.npz,1.676818609237671,,have,very low,common_word,F03,B3,C4,high,ASR error present but agent detected ambiguity and asked for clarification.
F03_B2_LF_M8,"Hey, yeah.",Could you please provide more details about what you need help with?,/kaggle/working/activations/F03_B2_LF_M8.npz,1.203812599182129,,Foxtrot,very low,radio_alphabet_letter,F03,B3,C4,high,ASR error present but agent detected ambiguity and asked for clarification.
F03_B3_UW53_M4,"Freezing, freezing.",It sounds like you're feeling cold. Would you like me to check the temperature or perhaps suggest some warm clothing?,/kaggle/working/activations/F03_B3_UW53_M4.npz,1.8883326053619385,,professionals,very low,uncommon_word,F03,B1,C1,high,Agent silently reinterprets failed command as a statement and responds confidently without checking for clarity.
F03_B1_UW16_M4,"Yes, yes, yes, yes.","I'm sorry, but I couldn't understand your request. Could you please clarify or rephrase what you need?",/kaggle/working/activations/F03_B1_UW16_M4.npz,1.9066531658172607,,nevertheless,very low,uncommon_word,F03,B3,C4,high,ASR error present but agent detected ambiguity and asked for clarification.
